rank_primary_rank_replace,stock_id,pred_score_primary_rank_replace,rank_lgbm_rank_replace,pred_score_lgbm_rank_replace,stock_prefix,model_count,top5_vote_count,top20_vote_count,top5_borda,top20_borda,avg_rank_fill,min_rank_fill,ensemble_score,ensemble_rank_before_stage2,recent_return_5,recent_return_10,recent_return_20,volatility_20,max_drawdown_20,overheat_return,volatility_20_rank,overheat_rank,drawdown_rank,risk_score,selection_strategy,stage2_pool_member,stage2_selection_rank,gate_primary_source,gate_overheat_threshold,gate_primary_top5_overheat_mean,gate_use_defense,gate_defense_strategy,selected,weight,rank,pred_score
1,688008,1.1579455,13,0.0387804845736945,688,2,1,2,5,28,7.0,1,52793.0,1,0.19748341581552076,-0.10024130701372691,-0.23174356549348107,0.08551243126701383,0.4187850201019343,0.19748341581552076,1.0,0.9833333333333333,0.97,0.9866666666666666,ensemble_gate_overheat_top5,True,1.0,primary_rank_replace,0.65,0.398,False,ensemble_low_overheat_top5,True,0.2,1,999999.052793
2,688183,1.1558064,10,0.0454695461864683,688,2,1,2,4,30,6.0,2,42994.0,3,0.007939619682415078,-0.07368705522025054,-0.17219449364031558,0.07072692451908347,0.26903323262839884,0.007939619682415078,0.99,0.16333333333333333,0.8566666666666667,0.6673333333333333,ensemble_gate_overheat_top5,True,2.0,primary_rank_replace,0.65,0.398,False,ensemble_low_overheat_top5,True,0.2,2,999998.042994
3,000657,1.1413513,21,0.0311599981589835,000,2,1,1,3,18,12.0,3,31788.0,6,0.05264097073518914,-0.14950980392156865,-0.3811680807347687,0.05429278708106009,0.4264370467476126,0.05264097073518914,0.89,0.5433333333333333,0.9733333333333334,0.7895000000000001,ensemble_gate_overheat_top5,True,3.0,primary_rank_replace,0.65,0.398,False,ensemble_low_overheat_top5,True,0.2,3,999997.031788
4,301236,1.1133131,63,0.0114216748855396,301,2,1,1,2,17,33.5,4,21666.5,8,-0.06993736951983298,-0.1343211076026234,-0.1504171632896305,0.039103402967348246,0.1755005889281509,-0.06993736951983298,0.73,0.01,0.74,0.4805,ensemble_gate_overheat_top5,True,4.0,primary_rank_replace,0.65,0.398,False,ensemble_low_overheat_top5,True,0.2,4,999996.0216665
5,002938,1.0900756,85,0.008576280017359,002,2,1,1,1,16,45.0,5,11555.0,9,0.026405545164484456,-0.03125649013499476,-0.0763366336633663,0.04936656382512125,0.16862782311634084,0.026405545164484456,0.84,0.29,0.7366666666666667,0.6216666666666667,ensemble_gate_overheat_top5,True,5.0,primary_rank_replace,0.65,0.398,False,ensemble_low_overheat_top5,True,0.2,5,999995.011555
127,600875,0.20827831,1,0.077783776678848,600,2,1,1,5,20,64.0,1,51936.0,2,0.05346675615003882,-0.013500833181431915,-0.08398938255369415,0.03302346938749951,0.1645952300974135,0.05346675615003882,0.62,0.5533333333333333,0.7266666666666667,0.6233333333333333,ensemble_gate_overheat_top5,True,,primary_rank_replace,0.65,0.398,False,ensemble_low_overheat_top5,False,0.0,6,-9998.948064
13,688521,0.9614077,2,0.070122490607993,688,2,1,2,4,27,7.5,2,42692.5,4,-0.0018222222222221696,-0.17290270310083233,-0.37958563535911605,0.051254342236596966,0.4023818505146305,-0.0018222222222221696,0.8666666666666667,0.10666666666666667,0.9666666666666667,0.6256666666666667,ensemble_gate_overheat_top5,True,,primary_rank_replace,0.65,0.398,False,ensemble_low_overheat_top5,False,0.0,7,-9998.9573075
17,301308,0.89742535,3,0.0662116803059658,301,2,1,2,3,22,10.0,3,32190.0,5,-0.006879332784403336,-0.28377135851658875,-0.4829207578481538,0.06967690006393716,0.4742682580278488,-0.006879332784403336,0.9866666666666667,0.09333333333333334,0.9933333333333333,0.6756666666666667,ensemble_gate_overheat_top5,True,,primary_rank_replace,0.65,0.398,False,ensemble_low_overheat_top5,False,0.0,8,-9998.96781
34,688082,0.7580319,4,0.057724904892042,688,2,1,1,2,17,19.0,4,21681.0,7,0.08691803859090097,-0.23069212649726867,-0.31465565353276037,0.06492109165968445,0.34708737864077666,0.08691803859090097,0.9666666666666667,0.79,0.93,0.8956666666666667,ensemble_gate_overheat_top5,True,,primary_rank_replace,0.65,0.398,False,ensemble_low_overheat_top5,False,0.0,9,-9998.978319
200,300413,-0.086773284,5,0.0573464498212522,300,2,1,1,1,16,102.5,5,11497.5,10,-0.021907216494845394,0.03054989816700604,0.04250730233477262,0.026712878598099104,0.06709265175718859,0.03054989816700604,0.47,0.33,0.44,0.4135,ensemble_gate_overheat_top5,True,,primary_rank_replace,0.65,0.398,False,ensemble_low_overheat_top5,False,0.0,10,-9998.9885025
14,000988,0.9528691,8,0.0520548296632501,000,2,0,2,0,20,11.0,8,1989.0,11,0.05573398828641607,-0.2754149377593361,-0.3686945715415465,0.05769805812159817,0.4265749417691349,0.05573398828641607,0.9266666666666666,0.5766666666666667,0.9766666666666667,0.8166666666666667,ensemble_gate_overheat_top5,False,,primary_rank_replace,0.65,0.398,False,ensemble_low_overheat_top5,False,0.0,11,-9998.998011
6,600584,1.0672044,32,0.0244881879326936,600,2,0,1,0,15,19.0,6,1481.0,12,0.06961943109494739,-0.16860171630489662,-0.20242130750605325,0.06480211688085505,0.27803825956489125,0.06961943109494739,0.9633333333333334,0.69,0.8733333333333333,0.8451666666666666,ensemble_gate_overheat_top5,False,,primary_rank_replace,0.65,0.398,False,ensemble_low_overheat_top5,False,0.0,12,-9998.998519
150,300661,0.10779951,6,0.0555126881440529,300,2,0,1,0,15,78.0,6,1422.0,13,0.008978675645342271,-0.14940650266643718,-0.25980538922155694,0.049535992832848534,0.31690827989963755,0.008978675645342271,0.8433333333333334,0.17,0.91,0.6243333333333334,ensemble_gate_overheat_top5,False,,primary_rank_replace,0.65,0.398,False,ensemble_low_overheat_top5,False,0.0,13,-9998.998578
24,688396,0.8262982,7,0.0551120747471693,688,2,0,1,0,14,15.5,7,1384.5,14,0.020325886107844804,-0.2172680412371134,-0.3431383151292311,0.05710175477114838,0.3897488467452589,0.020325886107844804,0.9166666666666666,0.22666666666666666,0.9566666666666667,0.6851666666666667,ensemble_gate_overheat_top5,False,,primary_rank_replace,0.65,0.398,False,ensemble_low_overheat_top5,False,0.0,14,-9998.9986155
7,600460,1.0546697,38,0.021741240783332,600,2,0,1,0,14,22.5,7,1377.5,15,0.08199464524765743,-0.22709004205846295,-0.38375899341151076,0.05119423406999283,0.4520271690789126,0.08199464524765743,0.8633333333333333,0.7666666666666667,0.9833333333333333,0.8594999999999999,ensemble_gate_overheat_top5,False,,primary_rank_replace,0.65,0.398,False,ensemble_low_overheat_top5,False,0.0,15,-9998.9986225
8,300408,1.039934,169,0.0028243738725851,300,2,0,1,0,13,88.5,8,1211.5,16,0.2257745550428476,-0.00205724508050098,-0.3306737056812047,0.0767448483526896,0.4660330869412178,0.2257745550428476,0.9966666666666667,0.99,0.9866666666666667,0.9918333333333335,ensemble_gate_overheat_top5,False,,primary_rank_replace,0.65,0.398,False,ensemble_low_overheat_top5,False,0.0,16,-9998.9987885
21,603986,0.84612995,9,0.0498840581699423,603,2,0,1,0,12,15.0,9,1185.0,17,0.004001850566736298,-0.21200072621641242,-0.48329761904761903,0.06018242426483568,0.4695705521472393,0.004001850566736298,0.9433333333333334,0.14,0.99,0.6738333333333333,ensemble_gate_overheat_top5,False,,primary_rank_replace,0.65,0.398,False,ensemble_low_overheat_top5,False,0.0,17,-9998.998815
9,002463,1.0342922,50,0.0177549875667225,002,2,0,1,0,12,29.5,9,1170.5,18,0.021561467570857085,-0.057436226536178414,-0.16702112576208705,0.060083728451103394,0.26557591623036647,0.021561467570857085,0.94,0.24333333333333335,0.8533333333333334,0.6745,ensemble_gate_overheat_top5,False,,primary_rank_replace,0.65,0.398,False,ensemble_low_overheat_top5,False,0.0,18,-9998.9988295
10,002384,1.0047125,298,-0.0079011403220813,002,2,0,1,0,11,154.0,10,946.0,19,-0.026776282551784325,-0.10477397549640888,-0.15100765255018234,0.06645710307307029,0.2590029761904762,-0.026776282551784325,0.9733333333333334,0.056666666666666664,0.85,0.6216666666666667,ensemble_gate_overheat_top5,False,,primary_rank_replace,0.65,0.398,False,ensemble_low_overheat_top5,False,0.0,19,-9998.999054
43,300394,0.6907121,11,0.0441446404847624,300,2,0,1,0,10,27.0,11,973.0,20,-0.020370890699634714,-0.19328217191778185,-0.29124174148737925,0.06107264935589677,0.3279701334742964,-0.020370890699634714,0.95,0.06333333333333334,0.92,0.6321666666666667,ensemble_gate_overheat_top5,False,,primary_rank_replace,0.65,0.398,False,ensemble_low_overheat_top5,False,0.0,20,-9998.999027
11,600176,1.0001147,285,-0.0036642574522109,600,2,0,1,0,10,148.0,11,852.0,21,0.04132860040567943,-0.18073010173548776,-0.4213863060016906,0.06870634375963162,0.4876509330406147,0.04132860040567943,0.98,0.42333333333333334,1.0,0.7901666666666667,ensemble_gate_overheat_top5,False,,primary_rank_replace,0.65,0.398,False,ensemble_low_overheat_top5,False,0.0,21,-9998.999148
161,688256,0.07552145,12,0.0429928918061798,688,2,0,1,0,9,86.5,12,813.5,22,0.026484698097601234,-0.10717985611510805,-0.1626045883940621,0.055468466677186155,0.2538121650841403,0.026484698097601234,0.8966666666666666,0.29333333333333333,0.8433333333333334,0.6721666666666667,ensemble_gate_overheat_top5,False,,primary_rank_replace,0.65,0.398,False,ensemble_low_overheat_top5,False,0.0,22,-9998.9991865
12,603296,0.9966615,297,-0.0076261965959134,603,2,0,1,0,9,154.5,12,745.5,23,0.18627183406113534,0.0977396135875741,0.2703492620195822,0.05080511864501709,0.13333333333333341,0.18627183406113534,0.8566666666666667,0.98,0.6733333333333333,0.854,ensemble_gate_overheat_top5,False,,primary_rank_replace,0.65,0.398,False,ensemble_low_overheat_top5,False,0.0,23,-9998.9992545
39,688072,0.73209,14,0.0375814414946493,688,2,0,1,0,7,26.5,14,673.5,24,0.24307354210815468,-0.0628402366863906,-0.04819711538461546,0.061017322114765446,0.2505382289620123,0.24307354210815468,0.9466666666666667,0.9933333333333333,0.8333333333333334,0.9346666666666666,ensemble_gate_overheat_top5,False,,primary_rank_replace,0.65,0.398,False,ensemble_low_overheat_top5,False,0.0,24,-9998.9993265
15,301269,0.93887436,22,0.030520880088931,301,2,0,1,0,6,18.5,15,581.5,25,-0.016005121638924535,-0.2304097471417842,-0.19289340101522845,0.059660329518168326,0.258974151203306,-0.016005121638924535,0.9366666666666666,0.07333333333333333,0.8466666666666667,0.6120000000000001,ensemble_gate_overheat_top5,False,,primary_rank_replace,0.65,0.398,False,ensemble_low_overheat_top5,False,0.0,25,-9998.9994185
122,300476,0.22231376,15,0.0371074792679646,300,2,0,1,0,6,68.5,15,531.5,26,0.06492347507920226,-0.12581956704882602,-0.24323810127786405,0.05607807981719925,0.3530872037641082,0.06492347507920226,0.9066666666666666,0.67,0.9333333333333333,0.8305,ensemble_gate_overheat_top5,False,,primary_rank_replace,0.65,0.398,False,ensemble_low_overheat_top5,False,0.0,26,-9998.9994685
51,002709,0.62455827,16,0.037077532757027,002,2,0,1,0,5,33.5,16,466.5,27,0.1460640526788386,0.02957784350631898,-0.24788843056373988,0.05095141230710672,0.3907731582786287,0.1460640526788386,0.86,0.94,0.96,0.913,ensemble_gate_overheat_top5,False,,primary_rank_replace,0.65,0.398,False,ensemble_low_overheat_top5,False,0.0,27,-9998.9995335
16,000977,0.9255637,286,-0.0038681898923577,000,2,0,1,0,5,151.0,16,349.0,28,0.0456390699963094,-0.005731664522166335,0.29140079003342434,0.05300985341370296,0.13538873994638068,0.0456390699963094,0.8833333333333333,0.46,0.68,0.6843333333333333,ensemble_gate_overheat_top5,False,,primary_rank_replace,0.65,0.398,False,ensemble_low_overheat_top5,False,0.0,28,-9998.999651
100,300316,0.30331674,17,0.0353767422504219,300,2,0,1,0,4,58.5,17,341.5,29,0.09810387469084914,-0.06939916162086623,-0.2889679715302491,0.05043984681308242,0.39861179970252847,0.09810387469084914,0.8533333333333334,0.83,0.9633333333333334,0.8726666666666667,ensemble_gate_overheat_top5,False,,primary_rank_replace,0.65,0.398,False,ensemble_low_overheat_top5,False,0.0,29,-9998.9996585
18,600522,0.8811757,28,0.0248003552853242,600,2,0,1,0,3,23.0,18,277.0,30,0.01365611421477353,-0.20475840995445826,-0.4415468643663871,0.052498587261358955,0.4795380781958375,0.01365611421477353,0.88,0.18333333333333332,0.9966666666666667,0.6653333333333333,ensemble_gate_overheat_top5,False,,primary_rank_replace,0.65,0.398,False,ensemble_low_overheat_top5,False,0.0,30,-9998.999723
189,688047,-0.05641919,18,0.0346423100607486,688,2,0,1,0,3,103.5,18,196.5,31,-0.045570063973359054,-0.21364620938628165,-0.25861130020422063,0.040377969622954486,0.3087217947889054,-0.045570063973359054,0.7433333333333333,0.023333333333333334,0.9,0.5305,ensemble_gate_overheat_top5,False,,primary_rank_replace,0.65,0.398,False,ensemble_low_overheat_top5,False,0.0,31,-9998.9998035
23,600549,0.8383319,19,0.0323201509554703,600,2,0,1,0,2,21.0,19,179.0,32,0.06468716861081636,-0.15116672303009815,-0.4013832578106369,0.04669750351199721,0.4465962441314554,0.06468716861081636,0.82,0.6633333333333333,0.98,0.8051666666666667,ensemble_gate_overheat_top5,False,,primary_rank_replace,0.65,0.398,False,ensemble_low_overheat_top5,False,0.0,32,-9998.999821
19,603019,0.8784899,55,0.0156991732569716,603,2,0,1,0,2,37.0,19,163.0,33,0.06260984182776808,-0.08847639687176101,-0.007591300779647092,0.05185110796249133,0.18241860465116289,0.06260984182776808,0.87,0.6466666666666666,0.7666666666666667,0.766,ensemble_gate_overheat_top5,False,,primary_rank_replace,0.65,0.398,False,ensemble_low_overheat_top5,False,0.0,33,-9998.999837
20,688981,0.8514567,59,0.0140793885944049,688,2,0,1,0,1,39.5,20,60.5,34,-0.0015972222222221388,-0.12110282430614994,-0.047880794701986695,0.05665874773875605,0.19144508670520233,-0.0015972222222221388,0.91,0.11,0.7833333333333333,0.5983333333333334,ensemble_gate_overheat_top5,False,,primary_rank_replace,0.65,0.398,False,ensemble_low_overheat_top5,False,0.0,34,-9998.9999395
182,600118,-0.02626827,20,0.0317724842739355,600,2,0,1,0,1,101.0,20,-1.0,35,0.0038631138729212644,-0.345717970489137,-0.26302421608045723,0.05749895504216056,0.3667602066141096,0.0038631138729212644,0.9233333333333333,0.13666666666666666,0.9466666666666667,0.6538333333333334,ensemble_gate_overheat_top5,False,,primary_rank_replace,0.65,0.398,False,ensemble_low_overheat_top5,False,0.0,35,-9999.000001
44,002049,0.6867421,23,0.0269571841080464,002,2,0,0,0,0,33.5,23,-33.5,36,0.06847984458474987,-0.19256178125764623,-0.22389473781223246,0.038500435600884876,0.30400000000000005,0.06847984458474987,0.7266666666666667,0.68,0.8966666666666666,0.7528333333333332,ensemble_gate_overheat_top5,False,,primary_rank_replace,0.65,0.398,False,ensemble_low_overheat_top5,False,0.0,36,-9999.0000335
31,688012,0.78033334,42,0.0207421325727367,688,2,0,0,0,0,36.5,31,-36.5,37,0.16721167883211674,-0.021610376896720518,-0.12463596750531003,0.0678462997531408,0.2737335397273055,0.16721167883211674,0.9766666666666667,0.9666666666666667,0.8666666666666667,0.9456666666666668,ensemble_gate_overheat_top5,False,,primary_rank_replace,0.65,0.398,False,ensemble_low_overheat_top5,False,0.0,37,-9999.0000365
40,002558,0.7252741,34,0.0233717642872499,002,2,0,0,0,0,37.0,34,-37.0,38,-0.1754503002001334,-0.1320224719101124,-0.09217774513404342,0.046688046915549994,0.20145310435931307,-0.1320224719101124,0.8166666666666667,0.0033333333333333335,0.7966666666666666,0.5269999999999999,ensemble_gate_overheat_top5,False,,primary_rank_replace,0.65,0.398,False,ensemble_low_overheat_top5,False,0.0,38,-9999.000037
25,600160,0.82192314,52,0.0161931107050688,600,2,0,0,0,0,38.5,25,-38.5,39,0.05963060686015842,-0.04289799809342232,-0.2535315985130111,0.04049262845199506,0.32139659803043874,0.05963060686015842,0.7466666666666667,0.61,0.9166666666666666,0.7413333333333333,ensemble_gate_overheat_top5,False,,primary_rank_replace,0.65,0.398,False,ensemble_low_overheat_top5,False,0.0,39,-9999.0000385
38,000938,0.736522,40,0.0210909602290246,000,2,0,0,0,0,39.0,38,-39.0,40,0.10029185460334311,0.07994791666666679,0.5804115853658538,0.061986927310902884,0.08966053381705108,0.10029185460334311,0.9533333333333334,0.8366666666666667,0.5733333333333334,0.8175,ensemble_gate_overheat_top5,False,,primary_rank_replace,0.65,0.398,False,ensemble_low_overheat_top5,False,0.0,40,-9999.000039
56,688041,0.5759554,39,0.0211879181561743,688,2,0,0,0,0,47.5,39,-47.5,41,-0.020398600524803134,-0.09104347826086956,-0.11624957727426444,0.043387466942383435,0.17666756683769913,-0.020398600524803134,0.7766666666666666,0.06,0.7433333333333333,0.5175,ensemble_gate_overheat_top5,False,,primary_rank_replace,0.65,0.398,False,ensemble_low_overheat_top5,False,0.0,41,-9999.0000475
46,000063,0.6744892,51,0.016462477876085,000,2,0,0,0,0,48.5,46,-48.5,42,0.04506374147643055,-0.11963036963036955,0.0014204545454545858,0.04507277773204774,0.16777695534172232,0.04506374147643055,0.79,0.45,0.73,0.656,ensemble_gate_overheat_top5,False,,primary_rank_replace,0.65,0.398,False,ensemble_low_overheat_top5,False,0.0,42,-9999.0000485
65,601689,0.5165748,33,0.0244607153582558,601,2,0,0,0,0,49.0,33,-49.0,43,-0.044105523495465704,-0.14031510658016677,-0.11404011461318053,0.04739158757618578,0.26926157296171715,-0.044105523495465704,0.83,0.02666666666666667,0.86,0.5563333333333333,ensemble_gate_overheat_top5,False,,primary_rank_replace,0.65,0.398,False,ensemble_low_overheat_top5,False,0.0,43,-9999.000049
35,300803,0.7458876,64,0.0113144227762608,300,2,0,0,0,0,49.5,35,-49.5,44,-0.08967096540918396,-0.03537675606641122,-0.16972628339012852,0.03700418515425634,0.2329392242273387,-0.03537675606641122,0.6966666666666667,0.04,0.8233333333333334,0.49850000000000005,ensemble_gate_overheat_top5,False,,primary_rank_replace,0.65,0.398,False,ensemble_low_overheat_top5,False,0.0,44,-9999.0000495
58,300442,0.5586371,41,0.0209120474528809,300,2,0,0,0,0,49.5,41,-49.5,45,-0.00480480480480483,-0.14477419354838705,-0.12759739984523544,0.04569749976399267,0.28324040451236066,-0.00480480480480483,0.8033333333333333,0.09666666666666666,0.88,0.5751666666666667,ensemble_gate_overheat_top5,False,,primary_rank_replace,0.65,0.398,False,ensemble_low_overheat_top5,False,0.0,45,-9999.0000495
29,300433,0.8144366,71,0.0104960241043166,300,2,0,0,0,0,50.0,29,-50.0,46,0.07042665108123902,-0.07336200354161393,-0.2871469826670182,0.05440155476856703,0.35675914689807464,0.07042665108123902,0.8933333333333333,0.6966666666666667,0.9366666666666666,0.8353333333333333,ensemble_gate_overheat_top5,False,,primary_rank_replace,0.65,0.398,False,ensemble_low_overheat_top5,False,0.0,46,-9999.00005
74,002422,0.45469344,31,0.0245111426157911,002,2,0,0,0,0,52.5,31,-52.5,47,-0.006066945606694518,0.060491071428571574,0.21322778345250248,0.05592296162223905,0.1250521050437683,0.060491071428571574,0.9033333333333333,0.62,0.6666666666666666,0.745,ensemble_gate_overheat_top5,False,,primary_rank_replace,0.65,0.398,False,ensemble_low_overheat_top5,False,0.0,47,-9999.0000525
70,603260,0.50126034,36,0.0223460431969251,603,2,0,0,0,0,53.0,36,-53.0,48,0.02174588381484921,-0.12410119840213052,-0.27634763476347635,0.04376970166767161,0.3438840106187462,0.02174588381484921,0.78,0.24666666666666667,0.9266666666666666,0.63,ensemble_gate_overheat_top5,False,,primary_rank_replace,0.65,0.398,False,ensemble_low_overheat_top5,False,0.0,48,-9999.000053
72,002202,0.46952742,37,0.021945321568145,002,2,0,0,0,0,54.5,37,-54.5,49,0.06576629477392837,-0.1045880611741491,-0.16474919466175797,0.05580736730471189,0.3102189781021897,0.06576629477392837,0.9,0.6733333333333333,0.9033333333333333,0.8215,ensemble_gate_overheat_top5,False,,primary_rank_replace,0.65,0.398,False,ensemble_low_overheat_top5,False,0.0,49,-9999.0000545
66,002837,0.51615953,43,0.0205958942150138,002,2,0,0,0,0,54.5,43,-54.5,50,0.10457987738910934,-0.08539862645565843,-0.20130378096479795,0.05217882923123625,0.3029160382101559,0.10457987738910934,0.8733333333333333,0.8533333333333334,0.8933333333333333,0.8713333333333333,ensemble_gate_overheat_top5,False,,primary_rank_replace,0.65,0.398,False,ensemble_low_overheat_top5,False,0.0,50,-9999.0000545
26,300418,0.8173017,87,0.0085698868598462,300,2,0,0,0,0,56.5,26,-56.5,51,-0.11067101584342975,-0.20809128630705398,-0.040472599296128675,0.057406003775471136,0.2725109083696946,-0.11067101584342975,0.92,0.006666666666666667,0.8633333333333333,0.5861666666666667,ensemble_gate_overheat_top5,False,,primary_rank_replace,0.65,0.398,False,ensemble_low_overheat_top5,False,0.0,51,-9999.0000565
59,600188,0.5445881,56,0.0155284425286523,600,2,0,0,0,0,57.5,56,-57.5,52,-0.025361475036456804,0.12758680767902408,0.10003989869663754,0.04569683224430092,0.10468618794098261,0.12758680767902408,0.8,0.92,0.6166666666666667,0.7961666666666668,ensemble_gate_overheat_top5,False,,primary_rank_replace,0.65,0.398,False,ensemble_low_overheat_top5,False,0.0,52,-9999.0000575
30,600183,0.7969382,94,0.0078838999485415,600,2,0,0,0,0,62.0,30,-62.0,53,0.021485325117561294,-0.0629230197099293,-0.26390511801822847,0.06472882364050785,0.3153979238754324,0.021485325117561294,0.96,0.24,0.9066666666666666,0.6946666666666667,ensemble_gate_overheat_top5,False,,primary_rank_replace,0.65,0.398,False,ensemble_low_overheat_top5,False,0.0,53,-9999.000062
99,300274,0.30416748,29,0.0246715262884596,300,2,0,0,0,0,64.0,29,-64.0,54,0.14188857227080676,0.07601851851851871,-0.25334104343356467,0.048067280576748445,0.36102377059489377,0.14188857227080676,0.8333333333333334,0.9366666666666666,0.94,0.8961666666666667,ensemble_gate_overheat_top5,False,,primary_rank_replace,0.65,0.398,False,ensemble_low_overheat_top5,False,0.0,54,-9999.000064
111,601138,0.26833022,24,0.0265344425738042,601,2,0,0,0,0,67.5,24,-67.5,55,0.08938053097345144,-0.024254914394419735,-0.11578796149978454,0.04482436718871932,0.21690921690921683,0.08938053097345144,0.7833333333333333,0.8,0.8133333333333334,0.7966666666666666,ensemble_gate_overheat_top5,False,,primary_rank_replace,0.65,0.398,False,ensemble_low_overheat_top5,False,0.0,55,-9999.0000675
86,002050,0.36982626,49,0.0182498132503308,002,2,0,0,0,0,67.5,49,-67.5,56,-0.002491694352159568,-0.1280731155927194,-0.12110108089791927,0.04710022121351126,0.27973929800704855,-0.002491694352159568,0.8266666666666667,0.10333333333333333,0.8766666666666667,0.5860000000000001,ensemble_gate_overheat_top5,False,,primary_rank_replace,0.65,0.398,False,ensemble_low_overheat_top5,False,0.0,56,-9999.0000675
67,600362,0.5048551,72,0.0102747730687297,600,2,0,0,0,0,69.5,67,-69.5,57,0.11859140341791807,0.09561135168584389,-0.014959450046442835,0.045039443969850934,0.1065393301637042,0.11859140341791807,0.7866666666666666,0.91,0.6266666666666667,0.7898333333333334,ensemble_gate_overheat_top5,False,,primary_rank_replace,0.65,0.398,False,ensemble_low_overheat_top5,False,0.0,57,-9999.0000695
42,601336,0.70157456,101,0.0067252956043697,601,2,0,0,0,0,71.5,42,-71.5,58,-0.023750771128932868,0.021297192642787843,0.04645395933212093,0.02961646194150425,0.05200367084735391,0.021297192642787843,0.54,0.23666666666666666,0.34,0.38383333333333336,ensemble_gate_overheat_top5,False,,primary_rank_replace,0.65,0.398,False,ensemble_low_overheat_top5,False,0.0,58,-9999.0000715
50,600900,0.647866,93,0.0080880577759776,600,2,0,0,0,0,71.5,50,-71.5,59,-0.021739130434782594,0.02624558661698506,0.08665795721515335,0.012917813368126932,0.02543829494671712,0.02624558661698506,0.08,0.2866666666666667,0.13,0.16483333333333333,ensemble_gate_overheat_top5,False,,primary_rank_replace,0.65,0.398,False,ensemble_low_overheat_top5,False,0.0,59,-9999.0000715
68,601698,0.5045127,75,0.0096579216630506,601,2,0,0,0,0,71.5,68,-71.5,60,0.03177189409368619,-0.19740177439797213,-0.1310463121783877,0.04599806464751042,0.253345498783455,0.03177189409368619,0.8066666666666666,0.3466666666666667,0.84,0.654,ensemble_gate_overheat_top5,False,,primary_rank_replace,0.65,0.398,False,ensemble_low_overheat_top5,False,0.0,60,-9999.0000715
117,002600,0.23800033,27,0.0253601672734443,002,2,0,0,0,0,72.0,27,-72.0,61,0.07359307359307343,-0.09090909090909094,-0.21319796954314718,0.05401905940523968,0.3668146503884573,0.07359307359307343,0.8866666666666667,0.7233333333333334,0.95,0.8453333333333333,ensemble_gate_overheat_top5,False,,primary_rank_replace,0.65,0.398,False,ensemble_low_overheat_top5,False,0.0,61,-9999.000072
32,601166,0.77603716,121,0.0047188597583841,601,2,0,0,0,0,76.5,32,-76.5,62,-0.0021810250817885235,0.047510017172295305,0.08412322274881512,0.01324567192820007,0.024536532170119973,0.047510017172295305,0.08666666666666667,0.49,0.12333333333333334,0.237,ensemble_gate_overheat_top5,False,,primary_rank_replace,0.65,0.398,False,ensemble_low_overheat_top5,False,0.0,62,-9999.0000765
93,000301,0.339756,60,0.0128322816155789,000,2,0,0,0,0,76.5,60,-76.5,63,-0.01600673967986521,0.024561403508772006,0.03362831858407089,0.050377679256045506,0.17813178855901513,0.024561403508772006,0.85,0.26666666666666666,0.75,0.6208333333333333,ensemble_gate_overheat_top5,False,,primary_rank_replace,0.65,0.398,False,ensemble_low_overheat_top5,False,0.0,63,-9999.0000765
101,688036,0.30120975,61,0.012157849058478,688,2,0,0,0,0,81.0,61,-81.0,64,0.03652743652743662,-0.01784882818562794,0.11017543859649126,0.043280041309640485,0.1246715328467154,0.03652743652743662,0.7733333333333333,0.38666666666666666,0.6633333333333333,0.6105,ensemble_gate_overheat_top5,False,,primary_rank_replace,0.65,0.398,False,ensemble_low_overheat_top5,False,0.0,64,-9999.000081
33,603259,0.75962317,134,0.004264607495938,603,2,0,0,0,0,83.5,33,-83.5,65,0.003542102720978768,0.036759813705921296,-0.011967979709915144,0.033963628217818724,0.1034980988593156,0.036759813705921296,0.6433333333333333,0.3933333333333333,0.61,0.5475,ensemble_gate_overheat_top5,False,,primary_rank_replace,0.65,0.398,False,ensemble_low_overheat_top5,False,0.0,65,-9999.0000835
90,002532,0.3540398,79,0.0090743978105696,002,2,0,0,0,0,84.5,79,-84.5,66,0.008000000000000007,0.13105924596050267,0.12903225806451601,0.04104411884068652,0.08096468561584835,0.13105924596050267,0.7533333333333333,0.93,0.5333333333333333,0.7601666666666667,ensemble_gate_overheat_top5,False,,primary_rank_replace,0.65,0.398,False,ensemble_low_overheat_top5,False,0.0,66,-9999.0000845
92,002241,0.34168303,81,0.0088905432817487,002,2,0,0,0,0,86.5,81,-86.5,67,-0.014648858250754015,0.04812098991750702,0.06719552029864695,0.029012529358282885,0.0940967598757213,0.04812098991750702,0.5266666666666666,0.49666666666666665,0.5866666666666667,0.5311666666666666,ensemble_gate_overheat_top5,False,,primary_rank_replace,0.65,0.398,False,ensemble_low_overheat_top5,False,0.0,67,-9999.0000865
45,601398,0.6844563,131,0.0043235599155951,601,2,0,0,0,0,88.0,45,-88.0,68,-0.0012919896640826156,0.026560424966799667,0.07063711911357351,0.014639120724595871,0.023255813953488413,0.026560424966799667,0.15333333333333332,0.2966666666666667,0.11,0.19266666666666665,ensemble_gate_overheat_top5,False,,primary_rank_replace,0.65,0.398,False,ensemble_low_overheat_top5,False,0.0,68,-9999.000088
60,000617,0.5349806,118,0.0049701574600693,000,2,0,0,0,0,89.0,60,-89.0,69,0.0,0.05513016845329255,0.03143712574850288,0.023146768938566854,0.046715328467153205,0.05513016845329255,0.39666666666666667,0.5666666666666667,0.31,0.4345,ensemble_gate_overheat_top5,False,,primary_rank_replace,0.65,0.398,False,ensemble_low_overheat_top5,False,0.0,69,-9999.000089
55,601288,0.59494615,124,0.0045190120486457,601,2,0,0,0,0,89.5,55,-89.5,70,0.016641452344931862,0.05494505494505497,0.07692307692307687,0.016440180688477447,0.028006589785831926,0.05494505494505497,0.20666666666666667,0.5633333333333334,0.14666666666666667,0.3165,ensemble_gate_overheat_top5,False,,primary_rank_replace,0.65,0.398,False,ensemble_low_overheat_top5,False,0.0,70,-9999.0000895
87,601058,0.36882758,95,0.0074839792113198,601,2,0,0,0,0,91.0,87,-91.0,71,0.025563909774436233,0.045210727969348774,0.14429530201342278,0.030309470282095623,0.060231660231660156,0.045210727969348774,0.5666666666666667,0.4533333333333333,0.4033333333333333,0.48616666666666664,ensemble_gate_overheat_top5,False,,primary_rank_replace,0.65,0.398,False,ensemble_low_overheat_top5,False,0.0,71,-9999.000091
84,603799,0.39552313,103,0.0067060970989246,603,2,0,0,0,0,93.5,84,-93.5,72,0.10660038663352656,0.01571609632446136,-0.15960570469798652,0.037900800570165045,0.24968918358889347,0.10660038663352656,0.72,0.8633333333333333,0.83,0.7976666666666666,ensemble_gate_overheat_top5,False,,primary_rank_replace,0.65,0.398,False,ensemble_low_overheat_top5,False,0.0,72,-9999.0000935
53,601939,0.6002853,136,0.0041320101716895,601,2,0,0,0,0,94.5,53,-94.5,73,-0.007662835249042099,0.017681728880157177,0.07535970545014758,0.018844447487476296,0.03732809430255413,0.017681728880157177,0.2966666666666667,0.20333333333333334,0.24666666666666667,0.2515,ensemble_gate_overheat_top5,False,,primary_rank_replace,0.65,0.398,False,ensemble_low_overheat_top5,False,0.0,73,-9999.0000945
52,000630,0.61393553,138,0.0040501309487746,000,2,0,0,0,0,95.0,52,-95.0,74,0.07130434782608708,0.05119453924914685,-0.03296703296703285,0.029933982710136676,0.11128284389489962,0.07130434782608708,0.5566666666666666,0.7,0.6366666666666667,0.6268333333333334,ensemble_gate_overheat_top5,False,,primary_rank_replace,0.65,0.398,False,ensemble_low_overheat_top5,False,0.0,74,-9999.000095
57,601988,0.56587714,133,0.004277495232042,601,2,0,0,0,0,95.0,57,-95.0,75,-0.013157894736842035,0.013513513513513598,0.056223128966574665,0.01680817227134404,0.0328947368421052,0.013513513513513598,0.22333333333333333,0.18,0.21,0.2048333333333333,ensemble_gate_overheat_top5,False,,primary_rank_replace,0.65,0.398,False,ensemble_low_overheat_top5,False,0.0,75,-9999.000095
114,601825,0.24634197,76,0.0096069832499504,601,2,0,0,0,0,95.0,76,-95.0,76,0.006031363088057962,0.06242038216560508,0.06242038216560508,0.01849855142631644,0.020460358056266004,0.06242038216560508,0.28,0.64,0.08666666666666667,0.35766666666666663,ensemble_gate_overheat_top5,False,,primary_rank_replace,0.65,0.398,False,ensemble_low_overheat_top5,False,0.0,76,-9999.000095
36,300308,0.74285525,156,0.0031577777800776,300,2,0,0,0,0,96.0,36,-96.0,77,0.07264940239043827,-0.028032490974729263,-0.11726229508196717,0.05830354550707888,0.2287716535433072,0.07264940239043827,0.93,0.7133333333333334,0.8166666666666667,0.8258333333333334,ensemble_gate_overheat_top5,False,,primary_rank_replace,0.65,0.398,False,ensemble_low_overheat_top5,False,0.0,77,-9999.000096
28,000776,0.8144456,166,0.0029960160056919,000,2,0,0,0,0,97.0,28,-97.0,78,-0.03609154929577463,0.031073446327683607,-0.05846947549441106,0.03320841239782254,0.14561544650040226,0.031073446327683607,0.6266666666666667,0.33666666666666667,0.7,0.5435000000000001,ensemble_gate_overheat_top5,False,,primary_rank_replace,0.65,0.398,False,ensemble_low_overheat_top5,False,0.0,78,-9999.000097
97,600000,0.3052606,97,0.0073630254721681,600,2,0,0,0,0,97.0,97,-97.0,79,-0.009846827133479286,0.03129033803266612,0.08563095149143196,0.012096028906608084,0.020787746170678245,0.03129033803266612,0.056666666666666664,0.3433333333333333,0.09,0.1653333333333333,ensemble_gate_overheat_top5,False,,primary_rank_replace,0.65,0.398,False,ensemble_low_overheat_top5,False,0.0,79,-9999.000097
78,600150,0.43800443,120,0.0048630909945958,600,2,0,0,0,0,99.0,78,-99.0,80,0.015752802181157266,-0.008843998190628755,0.009450634769234467,0.033614117624696786,0.14080765143464402,0.015752802181157266,0.6366666666666667,0.19333333333333333,0.69,0.49483333333333335,ensemble_gate_overheat_top5,False,,primary_rank_replace,0.65,0.398,False,ensemble_low_overheat_top5,False,0.0,80,-9999.000099
103,601628,0.2971204,96,0.0074129914811782,601,2,0,0,0,0,99.5,96,-99.5,81,-0.021428571428571352,0.05300821627352237,0.13032211057194987,0.030516678830595313,0.047927150730889045,0.05300821627352237,0.5733333333333334,0.55,0.31666666666666665,0.5010000000000001,ensemble_gate_overheat_top5,False,,primary_rank_replace,0.65,0.398,False,ensemble_low_overheat_top5,False,0.0,81,-9999.0000995
167,002625,0.046676565,35,0.0230373132775088,002,2,0,0,0,0,101.0,35,-101.0,82,0.15367565570742525,0.11217948717948723,0.07763977319840798,0.03344644881706149,0.17859365276913497,0.15367565570742525,0.6333333333333333,0.95,0.7566666666666667,0.775,ensemble_gate_overheat_top5,False,,primary_rank_replace,0.65,0.398,False,ensemble_low_overheat_top5,False,0.0,82,-9999.000101
96,601059,0.30692038,106,0.0064905232864318,601,2,0,0,0,0,101.0,96,-101.0,83,-0.016129032258064613,0.006108735491753281,0.01792336217552526,0.017734308752790924,0.04526987811955896,0.006108735491753281,0.25333333333333335,0.15,0.29,0.22633333333333333,ensemble_gate_overheat_top5,False,,primary_rank_replace,0.65,0.398,False,ensemble_low_overheat_top5,False,0.0,83,-9999.000101
80,601225,0.43330133,123,0.004527221490398,601,2,0,0,0,0,101.5,80,-101.5,84,-0.01760000000000006,0.025469728601252628,0.16952380952380963,0.029915699675076814,0.04080000000000006,0.025469728601252628,0.5533333333333333,0.27666666666666667,0.26666666666666666,0.38483333333333336,ensemble_gate_overheat_top5,False,,primary_rank_replace,0.65,0.398,False,ensemble_low_overheat_top5,False,0.0,84,-9999.0001015
178,002916,-0.0116073005,30,0.0245142511855105,002,2,0,0,0,0,104.0,30,-104.0,85,0.08965347145147362,-0.10200970553113653,-0.18592224064860874,0.05676445209715871,0.29163572832496176,0.08965347145147362,0.9133333333333333,0.8033333333333333,0.8833333333333333,0.8673333333333334,ensemble_gate_overheat_top5,False,,primary_rank_replace,0.65,0.398,False,ensemble_low_overheat_top5,False,0.0,85,-9999.000104
79,600061,0.4357376,129,0.0044401465043054,600,2,0,0,0,0,104.0,79,-104.0,86,-0.02442748091603042,-0.013888888888888729,-0.004601909019249617,0.01684553174000077,0.05688622754491013,-0.013888888888888729,0.22666666666666666,0.07666666666666666,0.37666666666666665,0.21166666666666667,ensemble_gate_overheat_top5,False,,primary_rank_replace,0.65,0.398,False,ensemble_low_overheat_top5,False,0.0,86,-9999.000104
49,300502,0.656476,160,0.0030815392172988,300,2,0,0,0,0,104.5,49,-104.5,87,-0.0372549019607844,-0.04195121951219516,-0.11842861246768166,0.06385506278226122,0.21578253706754524,-0.0372549019607844,0.9566666666666667,0.03333333333333333,0.8066666666666666,0.5960000000000001,ensemble_gate_overheat_top5,False,,primary_rank_replace,0.65,0.398,False,ensemble_low_overheat_top5,False,0.0,87,-9999.0001045
105,601009,0.28462476,105,0.0065355974505773,601,2,0,0,0,0,105.0,105,-105.0,88,-0.0008873114463175957,0.037788018433179804,0.09639727361246342,0.014260539905276082,0.015084294587400127,0.037788018433179804,0.13333333333333333,0.4,0.03666666666666667,0.20249999999999999,ensemble_gate_overheat_top5,False,,primary_rank_replace,0.65,0.398,False,ensemble_low_overheat_top5,False,0.0,88,-9999.000105
61,601328,0.5288529,151,0.0033010995130624,601,2,0,0,0,0,106.0,61,-106.0,89,-0.002844950213371389,0.03545051698670609,0.09483368681982318,0.015196787664369667,0.031294452347083945,0.03545051698670609,0.17666666666666667,0.37666666666666665,0.18666666666666668,0.24916666666666668,ensemble_gate_overheat_top5,False,,primary_rank_replace,0.65,0.398,False,ensemble_low_overheat_top5,False,0.0,89,-9999.000106
62,601211,0.5211516,153,0.0032544849519213,601,2,0,0,0,0,107.5,62,-107.5,90,-0.004203888596952088,0.033260632497273734,0.04522890237175958,0.0214589085011417,0.08232323232323235,0.033260632497273734,0.36666666666666664,0.36666666666666664,0.5433333333333333,0.4108333333333334,ensemble_gate_overheat_top5,False,,primary_rank_replace,0.65,0.398,False,ensemble_low_overheat_top5,False,0.0,90,-9999.0001075
172,000725,0.01765791,45,0.0194207551349682,000,2,0,0,0,0,108.5,45,-108.5,91,0.031088082901554293,-0.12591508052708644,-0.24905660377358496,0.05860507963055159,0.3637362637362638,0.031088082901554293,0.9333333333333333,0.34,0.9433333333333334,0.7281666666666666,ensemble_gate_overheat_top5,False,,primary_rank_replace,0.65,0.398,False,ensemble_low_overheat_top5,False,0.0,91,-9999.0001085
109,601066,0.27263254,108,0.0061260567465905,601,2,0,0,0,0,108.5,108,-108.5,92,-0.007876969242310627,-0.007876969242310627,-0.10217243720298697,0.02966373613003424,0.13128957014328557,-0.007876969242310627,0.5433333333333333,0.09,0.67,0.41633333333333333,ensemble_gate_overheat_top5,False,,primary_rank_replace,0.65,0.398,False,ensemble_low_overheat_top5,False,0.0,92,-9999.0001085
163,000338,0.06404711,57,0.0150078032901832,000,2,0,0,0,0,110.0,57,-110.0,93,0.17126389460683433,0.06954887218045114,0.08629247804505535,0.04226962957754511,0.18270524899057883,0.17126389460683433,0.7666666666666667,0.97,0.77,0.8386666666666667,ensemble_gate_overheat_top5,False,,primary_rank_replace,0.65,0.398,False,ensemble_low_overheat_top5,False,0.0,93,-9999.00011
158,600016,0.08593158,62,0.0121409606044788,600,2,0,0,0,0,110.0,62,-110.0,94,0.0,0.04747774480712175,0.08971329962649532,0.011712999952823723,0.011299435028248705,0.04747774480712175,0.04666666666666667,0.4866666666666667,0.01,0.1915,ensemble_gate_overheat_top5,False,,primary_rank_replace,0.65,0.398,False,ensemble_low_overheat_top5,False,0.0,94,-9999.00011
81,601169,0.42284492,141,0.0036916938629441,601,2,0,0,0,0,111.0,81,-111.0,95,-0.01171875,0.02016129032258074,0.07712933252983611,0.010913936080035363,0.017578125,0.02016129032258074,0.02,0.22,0.056666666666666664,0.09916666666666665,ensemble_gate_overheat_top5,False,,primary_rank_replace,0.65,0.398,False,ensemble_low_overheat_top5,False,0.0,95,-9999.000111
82,600015,0.41492695,143,0.0035994916291328,600,2,0,0,0,0,112.5,82,-112.5,96,0.004297994269341077,0.021865889212827838,0.07515337423312873,0.01127898020503003,0.01719197707736375,0.021865889212827838,0.03,0.25,0.05,0.11199999999999999,ensemble_gate_overheat_top5,False,,primary_rank_replace,0.65,0.398,False,ensemble_low_overheat_top5,False,0.0,96,-9999.0001125
112,600938,0.2640593,113,0.005767809394931,600,2,0,0,0,0,112.5,112,-112.5,97,-0.010040790712268488,0.09472588480222077,0.17386166307316087,0.030411467048492485,0.043649590785086345,0.09472588480222077,0.57,0.82,0.27666666666666667,0.5841666666666666,ensemble_gate_overheat_top5,False,,primary_rank_replace,0.65,0.398,False,ensemble_low_overheat_top5,False,0.0,97,-9999.0001125
202,300014,-0.10738464,25,0.026149120770541,300,2,0,0,0,0,113.5,25,-113.5,98,0.08164867517173713,0.06513335910320839,-0.14690402476780184,0.029201342286393775,0.2165154544056589,0.08164867517173713,0.53,0.7633333333333333,0.81,0.6816666666666666,ensemble_gate_overheat_top5,False,,primary_rank_replace,0.65,0.398,False,ensemble_low_overheat_top5,False,0.0,98,-9999.0001135
129,002142,0.1936855,99,0.0072584970048009,002,2,0,0,0,0,114.0,99,-114.0,99,-0.015740740740740722,0.016702521649035074,0.06628164331592568,0.018338418368531357,0.03179012345679,0.016702521649035074,0.27666666666666667,0.2,0.19333333333333333,0.229,ensemble_gate_overheat_top5,False,,primary_rank_replace,0.65,0.398,False,ensemble_low_overheat_top5,False,0.0,99,-9999.000114
104,601857,0.28938833,125,0.0045165828636461,601,2,0,0,0,0,114.5,104,-114.5,100,-0.009990917347865613,0.12836438923395455,0.22197309417040367,0.023511537112120087,0.03088101725703918,0.12836438923395455,0.41333333333333333,0.9233333333333333,0.17333333333333334,0.5318333333333334,ensemble_gate_overheat_top5,False,,primary_rank_replace,0.65,0.398,False,ensemble_low_overheat_top5,False,0.0,100,-9999.0001145
184,688126,-0.03648139,48,0.0183809548691257,688,2,0,0,0,0,116.0,48,-116.0,101,0.055335968379446765,-0.2554378137200223,-0.3153846153846155,0.06581847790682524,0.3838285435947394,0.055335968379446765,0.97,0.5733333333333334,0.9533333333333334,0.827,ensemble_gate_overheat_top5,False,,primary_rank_replace,0.65,0.398,False,ensemble_low_overheat_top5,False,0.0,101,-9999.000116
176,300251,-0.004347902,58,0.0141082733053757,300,2,0,0,0,0,117.0,58,-117.0,102,-0.06198347107438007,-0.03813559322033888,0.0365296803652968,0.04611604515438626,0.1805453205600589,-0.03813559322033888,0.81,0.03,0.76,0.5245000000000001,ensemble_gate_overheat_top5,False,,primary_rank_replace,0.65,0.398,False,ensemble_low_overheat_top5,False,0.0,102,-9999.000117
166,600111,0.052655686,68,0.0108293568607796,600,2,0,0,0,0,117.0,68,-117.0,103,0.05055880787653,0.012827090815803022,-0.17093658126837463,0.031061288487524846,0.22894791023265393,0.05055880787653,0.5933333333333334,0.5233333333333333,0.82,0.6255,ensemble_gate_overheat_top5,False,,primary_rank_replace,0.65,0.398,False,ensemble_low_overheat_top5,False,0.0,103,-9999.000117
22,600030,0.84419495,214,0.0015911867828941,600,2,0,0,0,0,118.0,22,-118.0,104,-0.0007072135785007871,0.004978662873399875,-0.008073008073008037,0.017841634915078192,0.06345436036647434,0.004978662873399875,0.2633333333333333,0.14666666666666667,0.4166666666666667,0.26083333333333336,ensemble_gate_overheat_top5,False,,primary_rank_replace,0.65,0.398,False,ensemble_low_overheat_top5,False,0.0,104,-9999.000118
37,601919,0.7368497,203,0.0017831205743476,601,2,0,0,0,0,120.0,37,-120.0,105,0.0254521098459477,0.08427762039660047,0.14253731343283582,0.01366945814183212,0.010729613733905685,0.08427762039660047,0.1,0.78,0.006666666666666667,0.3146666666666666,ensemble_gate_overheat_top5,False,,primary_rank_replace,0.65,0.398,False,ensemble_low_overheat_top5,False,0.0,105,-9999.00012
71,000807,0.4721108,172,0.0026063332002478,000,2,0,0,0,0,121.5,71,-121.5,106,-0.015372790161414462,0.11101474414570678,0.10621761658031081,0.03629149809072557,0.05470785262374389,0.11101474414570678,0.6833333333333333,0.8833333333333333,0.36666666666666664,0.6741666666666667,ensemble_gate_overheat_top5,False,,primary_rank_replace,0.65,0.398,False,ensemble_low_overheat_top5,False,0.0,106,-9999.0001215
193,000975,-0.06698681,53,0.0158529331632079,000,2,0,0,0,0,123.0,53,-123.0,107,0.18105263157894735,0.14959016393442615,0.2859598853868195,0.045253853106839374,0.08213755566551217,0.18105263157894735,0.7966666666666666,0.9733333333333334,0.5366666666666666,0.7935,ensemble_gate_overheat_top5,False,,primary_rank_replace,0.65,0.398,False,ensemble_low_overheat_top5,False,0.0,107,-9999.000123
69,600926,0.503519,178,0.0023416915631056,600,2,0,0,0,0,123.5,69,-123.5,108,0.006349206349206327,0.025226390685640476,0.0609103078982598,0.013903263723906165,0.01899936668777713,0.025226390685640476,0.11666666666666667,0.2733333333333333,0.07,0.15983333333333333,ensemble_gate_overheat_top5,False,,primary_rank_replace,0.65,0.398,False,ensemble_low_overheat_top5,False,0.0,108,-9999.0001235
125,601077,0.21032642,122,0.0045373120281061,601,2,0,0,0,0,123.5,122,-123.5,109,-0.03377386196769461,-0.0015174506828528056,0.03296703296703285,0.018797165823639595,0.03377386196769461,-0.0015174506828528056,0.29,0.11333333333333333,0.22,0.21066666666666664,ensemble_gate_overheat_top5,False,,primary_rank_replace,0.65,0.398,False,ensemble_low_overheat_top5,False,0.0,109,-9999.0001235
180,002475,-0.019919407,70,0.0105355008873703,002,2,0,0,0,0,125.0,70,-125.0,110,0.10721830985915481,0.06887137155914447,-0.03457835383524743,0.04519189389137805,0.19123137474637508,0.10721830985915481,0.7933333333333333,0.8666666666666667,0.78,0.8156666666666668,ensemble_gate_overheat_top5,False,,primary_rank_replace,0.65,0.398,False,ensemble_low_overheat_top5,False,0.0,110,-9999.000125
207,600893,-0.13345677,47,0.0187095338562991,600,2,0,0,0,0,127.0,47,-127.0,111,0.0603318250377074,0.06097192876546931,-0.05713519313304727,0.03312518100054883,0.17756296107860592,0.06097192876546931,0.6233333333333333,0.6233333333333333,0.7466666666666667,0.6541666666666667,ensemble_gate_overheat_top5,False,,primary_rank_replace,0.65,0.398,False,ensemble_low_overheat_top5,False,0.0,111,-9999.000127
124,601916,0.21133295,130,0.004334693761076,601,2,0,0,0,0,127.0,124,-127.0,112,0.003472222222222321,0.03584229390680993,0.054744525547445244,0.019285957904368288,0.045774647887323994,0.03584229390680993,0.31333333333333335,0.38333333333333336,0.3,0.3345,ensemble_gate_overheat_top5,False,,primary_rank_replace,0.65,0.398,False,ensemble_low_overheat_top5,False,0.0,112,-9999.000127
209,688506,-0.14390045,46,0.0192971464976926,688,2,0,0,0,0,127.5,46,-127.5,113,-0.06832242712671022,0.04552888948229272,0.05461095586007225,0.04684189675086912,0.11885294117647072,0.04552888948229272,0.8233333333333334,0.45666666666666667,0.6566666666666666,0.6533333333333333,ensemble_gate_overheat_top5,False,,primary_rank_replace,0.65,0.398,False,ensemble_low_overheat_top5,False,0.0,113,-9999.0001275
54,601668,0.5949912,201,0.0018311828439215,601,2,0,0,0,0,127.5,54,-127.5,114,-0.004301075268817178,0.0583880780606616,0.11611833686397044,0.010999588342759966,0.014893617021276673,0.0583880780606616,0.023333333333333334,0.6033333333333334,0.03333333333333333,0.22883333333333333,ensemble_gate_overheat_top5,False,,primary_rank_replace,0.65,0.398,False,ensemble_low_overheat_top5,False,0.0,114,-9999.0001275
168,002027,0.044566248,88,0.0084994475557063,002,2,0,0,0,0,128.0,88,-128.0,115,0.0,0.08421052631578951,0.11147495257586049,0.018659685636614878,0.029644268774703497,0.08421052631578951,0.2833333333333333,0.7766666666666666,0.16333333333333333,0.426,ensemble_gate_overheat_top5,False,,primary_rank_replace,0.65,0.398,False,ensemble_low_overheat_top5,False,0.0,115,-9999.000128
48,600919,0.6651729,210,0.0016538169511969,600,2,0,0,0,0,129.0,48,-129.0,116,-0.0026064291920069316,0.02317290552584672,0.05274231170664612,0.014548257824261605,0.017467248908296984,0.02317290552584672,0.15,0.26,0.05333333333333334,0.16433333333333333,ensemble_gate_overheat_top5,False,,primary_rank_replace,0.65,0.398,False,ensemble_low_overheat_top5,False,0.0,116,-9999.000129
143,600023,0.13674474,117,0.0051481567009605,600,2,0,0,0,0,130.0,117,-130.0,117,0.0037453183520599342,-0.009242144177449174,0.015151515151515138,0.02456892307998179,0.08592321755027421,0.0037453183520599342,0.43333333333333335,0.13333333333333333,0.5566666666666666,0.35916666666666663,ensemble_gate_overheat_top5,False,,primary_rank_replace,0.65,0.398,False,ensemble_low_overheat_top5,False,0.0,117,-9999.00013
196,601127,-0.074277945,65,0.0110068385950541,601,2,0,0,0,0,130.5,65,-130.5,118,-0.003596475454054948,0.027824151363383454,-0.08745059288537538,0.030926027522258908,0.1368046571798187,0.027824151363383454,0.5866666666666667,0.30333333333333334,0.6866666666666666,0.5125,ensemble_gate_overheat_top5,False,,primary_rank_replace,0.65,0.398,False,ensemble_low_overheat_top5,False,0.0,118,-9999.0001305
88,601995,0.36788875,173,0.0025968712400122,601,2,0,0,0,0,130.5,88,-130.5,119,-0.0008335648791329975,0.01668080294034513,-0.006629834254143652,0.030747012491212044,0.07720396452790823,0.01668080294034513,0.5766666666666667,0.19666666666666666,0.5166666666666667,0.42866666666666664,ensemble_gate_overheat_top5,False,,primary_rank_replace,0.65,0.398,False,ensemble_low_overheat_top5,False,0.0,119,-9999.0001305
76,601658,0.45038056,187,0.0021096632533113,601,2,0,0,0,0,131.5,76,-131.5,120,-0.01737451737451734,0.007920792079207928,0.044876245317373664,0.010904110916503531,0.025096525096525046,0.007920792079207928,0.016666666666666666,0.16,0.12666666666666668,0.09433333333333332,ensemble_gate_overheat_top5,False,,primary_rank_replace,0.65,0.398,False,ensemble_low_overheat_top5,False,0.0,120,-9999.0001315
183,601012,-0.036083315,80,0.0089725662053617,601,2,0,0,0,0,131.5,80,-131.5,121,0.053333333333333455,0.08684436801375761,-0.013270882123341154,0.024789691736439797,0.1182714177407127,0.08684436801375761,0.44,0.7866666666666666,0.6533333333333333,0.6146666666666667,ensemble_gate_overheat_top5,False,,primary_rank_replace,0.65,0.398,False,ensemble_low_overheat_top5,False,0.0,121,-9999.0001315
95,601229,0.3225764,168,0.0028679621648952,601,2,0,0,0,0,131.5,95,-131.5,122,-0.012931034482758785,0.007700770077007535,0.030371203599549812,0.012637734958533473,0.01939655172413801,0.007700770077007535,0.07,0.15666666666666668,0.07666666666666666,0.10200000000000001,ensemble_gate_overheat_top5,False,,primary_rank_replace,0.65,0.398,False,ensemble_low_overheat_top5,False,0.0,122,-9999.0001315
75,601318,0.45333374,190,0.0020185825920532,601,2,0,0,0,0,132.5,75,-132.5,123,0.0033815517565281006,0.07833636180092873,0.09897119341563787,0.017802308746298658,0.016390423572744117,0.07833636180092873,0.26,0.74,0.043333333333333335,0.37383333333333335,ensemble_gate_overheat_top5,False,,primary_rank_replace,0.65,0.398,False,ensemble_low_overheat_top5,False,0.0,123,-9999.0001325
199,600346,-0.086746685,73,0.0099122866933778,600,2,0,0,0,0,136.0,73,-136.0,124,0.05555555555555558,0.08933333333333349,-0.1354497354497355,0.03786770624834993,0.1995731056563501,0.08933333333333349,0.7166666666666667,0.7966666666666666,0.79,0.763,ensemble_gate_overheat_top5,False,,primary_rank_replace,0.65,0.398,False,ensemble_low_overheat_top5,False,0.0,124,-9999.000136
206,600026,-0.12297798,67,0.0108369694675856,600,2,0,0,0,0,136.5,67,-136.5,125,0.09779614325068886,0.06484505205852553,-0.12534652408454805,0.03597814829820944,0.1872425574633091,0.09779614325068886,0.6733333333333333,0.8266666666666667,0.7733333333333333,0.752,ensemble_gate_overheat_top5,False,,primary_rank_replace,0.65,0.398,False,ensemble_low_overheat_top5,False,0.0,125,-9999.0001365
107,600958,0.28398532,167,0.0029275667983271,600,2,0,0,0,0,137.0,107,-137.0,126,-0.0011001100110010764,0.02805775988506154,-0.020742450236064802,0.017032252630715998,0.07479508196721318,0.02805775988506154,0.23,0.31,0.5033333333333333,0.32633333333333336,ensemble_gate_overheat_top5,False,,primary_rank_replace,0.65,0.398,False,ensemble_low_overheat_top5,False,0.0,126,-9999.000137
77,600019,0.44830862,199,0.0019102766707527,600,2,0,0,0,0,138.0,77,-138.0,127,0.008488964346349714,0.08000000000000007,0.07220216606498209,0.01441602263836515,0.03362831858407078,0.08000000000000007,0.14,0.7533333333333333,0.21666666666666667,0.37383333333333335,ensemble_gate_overheat_top5,False,,primary_rank_replace,0.65,0.398,False,ensemble_low_overheat_top5,False,0.0,127,-9999.000138
233,688111,-0.32122034,44,0.0200240856593674,688,2,0,0,0,0,138.5,44,-138.5,128,-0.01420559217259576,0.06290002207018319,0.1321341885071221,0.04157308792537179,0.0832963037770148,0.06290002207018319,0.7633333333333333,0.65,0.5466666666666666,0.6695,ensemble_gate_overheat_top5,False,,primary_rank_replace,0.65,0.398,False,ensemble_low_overheat_top5,False,0.0,128,-9999.0001385
134,601788,0.17713872,145,0.003579265715775,601,2,0,0,0,0,139.5,134,-139.5,129,-0.017508417508417584,-0.017508417508417584,0.0,0.020655322461513807,0.06679636835278846,-0.017508417508417584,0.3466666666666667,0.07,0.43666666666666665,0.2723333333333333,ensemble_gate_overheat_top5,False,,primary_rank_replace,0.65,0.398,False,ensemble_low_overheat_top5,False,0.0,129,-9999.0001395
115,001280,0.24439889,165,0.0030017793847231,001,2,0,0,0,0,140.0,115,-140.0,130,0.08015536723163841,0.030660377358490587,-0.08857687372013656,0.030990142508769022,0.1487584574850298,0.08015536723163841,0.59,0.7566666666666667,0.7033333333333334,0.6766666666666665,ensemble_gate_overheat_top5,False,,primary_rank_replace,0.65,0.398,False,ensemble_low_overheat_top5,False,0.0,130,-9999.00014
110,601998,0.26990366,171,0.0027222111020006,601,2,0,0,0,0,140.5,110,-140.5,131,0.02119205298013238,0.05040871934604918,0.0813464235624124,0.014016859480468982,0.014784946236559127,0.05040871934604918,0.12,0.52,0.03,0.2375,ensemble_gate_overheat_top5,False,,primary_rank_replace,0.65,0.398,False,ensemble_low_overheat_top5,False,0.0,131,-9999.0001405
155,601601,0.100196265,126,0.00446438781252,601,2,0,0,0,0,140.5,126,-140.5,132,-0.00031615554852992833,0.1097324445798471,0.11880691772121543,0.025068365691301473,0.03626943005181349,0.1097324445798471,0.45,0.8766666666666667,0.23333333333333334,0.5451666666666667,ensemble_gate_overheat_top5,False,,primary_rank_replace,0.65,0.398,False,ensemble_low_overheat_top5,False,0.0,132,-9999.0001405
256,002028,-0.6566441,26,0.0255360658685026,002,2,0,0,0,0,141.0,26,-141.0,133,0.11089108910891077,0.055172413793103336,-0.028046913823505548,0.042741251081700925,0.15227952507697806,0.11089108910891077,0.77,0.88,0.71,0.7935000000000001,ensemble_gate_overheat_top5,False,,primary_rank_replace,0.65,0.398,False,ensemble_low_overheat_top5,False,0.0,133,-9999.000141
138,601881,0.15330869,146,0.0035514340864562,601,2,0,0,0,0,142.0,138,-142.0,134,-0.019546520719311955,-0.020312350127892564,0.01314799057464966,0.019731157217636998,0.06331462186907955,-0.019546520719311955,0.3233333333333333,0.06666666666666667,0.41333333333333333,0.256,ensemble_gate_overheat_top5,False,,primary_rank_replace,0.65,0.398,False,ensemble_low_overheat_top5,False,0.0,134,-9999.000142
94,688303,0.33071977,195,0.0019598663169136,688,2,0,0,0,0,144.5,94,-144.5,135,0.021673690547862723,0.09202059202059187,-0.016231884057971047,0.02857676546618152,0.13570634037819806,0.09202059202059187,0.5133333333333333,0.8133333333333334,0.6833333333333333,0.6608333333333334,ensemble_gate_overheat_top5,False,,primary_rank_replace,0.65,0.398,False,ensemble_low_overheat_top5,False,0.0,135,-9999.0001445
237,002415,-0.4434095,54,0.0157197136022792,002,2,0,0,0,0,145.5,54,-145.5,136,0.07905484247374561,0.1144923169629406,0.12124886329190665,0.021953302759949226,0.06329471602147496,0.1144923169629406,0.38333333333333336,0.9,0.41,0.5708333333333334,ensemble_gate_overheat_top5,False,,primary_rank_replace,0.65,0.398,False,ensemble_low_overheat_top5,False,0.0,136,-9999.0001455
177,600219,-0.006562885,114,0.0054678720549105,600,2,0,0,0,0,145.5,114,-145.5,137,0.08653846153846168,0.1501272264631044,0.09708737864077666,0.037674622801736786,0.06889352818371608,0.1501272264631044,0.71,0.9466666666666667,0.46,0.7303333333333333,ensemble_gate_overheat_top5,False,,primary_rank_replace,0.65,0.398,False,ensemble_low_overheat_top5,False,0.0,137,-9999.0001455
89,600028,0.3565227,211,0.0016530969453221,600,2,0,0,0,0,150.0,89,-150.0,138,-0.01717557251908386,0.055327868852458995,0.11713665943600882,0.01833052206874181,0.022900763358778664,0.055327868852458995,0.2733333333333333,0.57,0.10666666666666667,0.33549999999999996,ensemble_gate_overheat_top5,False,,primary_rank_replace,0.65,0.398,False,ensemble_low_overheat_top5,False,0.0,138,-9999.00015
211,601872,-0.15050578,91,0.0082499243166803,601,2,0,0,0,0,151.0,91,-151.0,139,0.1126662001399581,0.07215104517869175,-0.11551000445765702,0.03993618783060332,0.20082582173023455,0.1126662001399581,0.7366666666666667,0.8933333333333333,0.7933333333333333,0.8056666666666666,ensemble_gate_overheat_top5,False,,primary_rank_replace,0.65,0.398,False,ensemble_low_overheat_top5,False,0.0,139,-9999.000151
175,601088,0.00582153,127,0.0044528496047526,601,2,0,0,0,0,151.0,127,-151.0,140,-0.028391850888599857,0.051113716295427825,0.14947332536718028,0.019983722919913908,0.028391850888599857,0.051113716295427825,0.33,0.53,0.15333333333333332,0.35583333333333333,ensemble_gate_overheat_top5,False,,primary_rank_replace,0.65,0.398,False,ensemble_low_overheat_top5,False,0.0,140,-9999.000151
98,601818,0.30417228,205,0.0017370394019074,601,2,0,0,0,0,151.5,98,-151.5,141,-0.0031446540880503138,0.025889967637540368,0.07457627118644061,0.011640525265390934,0.018867924528301883,0.025889967637540368,0.043333333333333335,0.28,0.06666666666666667,0.132,ensemble_gate_overheat_top5,False,,primary_rank_replace,0.65,0.398,False,ensemble_low_overheat_top5,False,0.0,141,-9999.0001515
91,600050,0.347417,213,0.0015965454811823,600,2,0,0,0,0,152.0,91,-152.0,142,-0.00454545454545463,0.04285714285714293,0.08955223880597019,0.011497997884005533,0.014598540145985384,0.04285714285714293,0.03666666666666667,0.43666666666666665,0.023333333333333334,0.1733333333333333,ensemble_gate_overheat_top5,False,,primary_rank_replace,0.65,0.398,False,ensemble_low_overheat_top5,False,0.0,142,-9999.000152
192,300122,-0.0624548,112,0.005848676247133,300,2,0,0,0,0,152.0,112,-152.0,143,-0.021943573667711602,0.04873949579831938,0.038269550748752046,0.03485629827389809,0.08084074373484251,0.04873949579831938,0.6533333333333333,0.5,0.53,0.5688333333333333,ensemble_gate_overheat_top5,False,,primary_rank_replace,0.65,0.398,False,ensemble_low_overheat_top5,False,0.0,143,-9999.000152
119,600221,0.22722086,186,0.0021512853937855,600,2,0,0,0,0,152.5,119,-152.5,144,0.007518796992481036,0.022900763358778553,-0.02898550724637694,0.014151897282607363,0.050724637681159424,0.022900763358778553,0.12333333333333334,0.25333333333333335,0.33666666666666667,0.22216666666666668,ensemble_gate_overheat_top5,False,,primary_rank_replace,0.65,0.398,False,ensemble_low_overheat_top5,False,0.0,144,-9999.0001525
144,601136,0.13492996,162,0.0030452983014906,601,2,0,0,0,0,153.0,144,-153.0,145,-0.021058186215524577,0.0034503713541869097,0.0013016553555698085,0.020338285338812725,0.058257008554642775,0.0034503713541869097,0.34,0.13,0.39,0.279,ensemble_gate_overheat_top5,False,,primary_rank_replace,0.65,0.398,False,ensemble_low_overheat_top5,False,0.0,145,-9999.000153
106,601377,0.2840467,202,0.001796738565598,601,2,0,0,0,0,154.0,106,-154.0,146,-0.012903225806451535,0.006578947368421018,0.008237232289950658,0.014929270413276859,0.036682615629984094,0.006578947368421018,0.17333333333333334,0.15333333333333332,0.23666666666666666,0.18216666666666667,ensemble_gate_overheat_top5,False,,primary_rank_replace,0.65,0.398,False,ensemble_low_overheat_top5,False,0.0,146,-9999.000154
191,600989,-0.058134485,119,0.0049260847393443,600,2,0,0,0,0,155.0,119,-155.0,147,-0.019329896907216648,0.10183397683397666,0.09654178674351566,0.03447943999400704,0.06010703993412936,0.10183397683397666,0.65,0.8433333333333334,0.39666666666666667,0.6543333333333333,ensemble_gate_overheat_top5,False,,primary_rank_replace,0.65,0.398,False,ensemble_low_overheat_top5,False,0.0,147,-9999.000155
135,600372,0.1762345,175,0.0025455722047694,600,2,0,0,0,0,155.0,135,-155.0,148,0.01806684733513997,0.00805008944543828,0.06824644549763015,0.019485795369983204,0.05613126079447317,0.01806684733513997,0.32,0.20666666666666667,0.37333333333333335,0.2936666666666667,ensemble_gate_overheat_top5,False,,primary_rank_replace,0.65,0.398,False,ensemble_low_overheat_top5,False,0.0,148,-9999.000155
154,600036,0.1002079,158,0.0031089225704172,600,2,0,0,0,0,156.0,154,-156.0,149,0.0023130300693907646,0.046979865771812124,0.10013816500951322,0.013829850162969832,0.023644307375995877,0.046979865771812124,0.10333333333333333,0.47333333333333333,0.11666666666666667,0.23616666666666666,ensemble_gate_overheat_top5,False,,primary_rank_replace,0.65,0.398,False,ensemble_low_overheat_top5,False,0.0,149,-9999.000156
230,300033,-0.2756294,83,0.0087333902763077,300,2,0,0,0,0,156.5,83,-156.5,150,-0.028277977857809833,0.009981976985997454,-0.08739769500584604,0.03381709898930285,0.1680232558139535,0.009981976985997454,0.64,0.17333333333333334,0.7333333333333333,0.5,ensemble_gate_overheat_top5,False,,primary_rank_replace,0.65,0.398,False,ensemble_low_overheat_top5,False,0.0,150,-9999.0001565
214,300450,-0.18090826,102,0.0067177483188881,300,2,0,0,0,0,158.0,102,-158.0,151,0.07163415414134944,-0.013831665685697492,-0.15676901920765007,0.03179546720650529,0.23722986247544198,0.07163415414134944,0.6033333333333334,0.7033333333333334,0.8266666666666667,0.6941666666666667,ensemble_gate_overheat_top5,False,,primary_rank_replace,0.65,0.398,False,ensemble_low_overheat_top5,False,0.0,151,-9999.000158
133,001965,0.17770052,184,0.0021681560193967,001,2,0,0,0,0,158.5,133,-158.5,152,0.009813542688910548,0.0741127348643007,0.0831578947368421,0.01667030228999267,0.016877637130801704,0.0741127348643007,0.21666666666666667,0.7266666666666667,0.04666666666666667,0.35266666666666663,ensemble_gate_overheat_top5,False,,primary_rank_replace,0.65,0.398,False,ensemble_low_overheat_top5,False,0.0,152,-9999.0001585
47,603501,0.66753453,271,-0.0008621269479267,603,2,0,0,0,0,159.0,47,-159.0,153,-0.057829181494661985,-0.07005561518196901,0.07938844847112114,0.037422858655751755,0.14227861771058326,-0.057829181494661985,0.7066666666666667,0.013333333333333334,0.6933333333333334,0.46066666666666667,ensemble_gate_overheat_top5,False,,primary_rank_replace,0.65,0.398,False,ensemble_low_overheat_top5,False,0.0,153,-9999.000159
246,300124,-0.52679455,74,0.0097784543473469,300,2,0,0,0,0,160.0,74,-160.0,154,-0.004185501423070392,-0.024118129614438044,-0.08814962440594809,0.028924022320999877,0.1805959805959806,-0.004185501423070392,0.52,0.1,0.7633333333333333,0.43383333333333335,ensemble_gate_overheat_top5,False,,primary_rank_replace,0.65,0.398,False,ensemble_low_overheat_top5,False,0.0,154,-9999.00016
159,000166,0.08453856,161,0.0030784682570723,000,2,0,0,0,0,160.0,159,-160.0,155,-0.010615711252653925,0.03325942350332589,0.04484304932735439,0.017433273008446177,0.03218884120171672,0.03325942350332589,0.23666666666666666,0.36333333333333334,0.2,0.2718333333333333,ensemble_gate_overheat_top5,False,,primary_rank_replace,0.65,0.398,False,ensemble_low_overheat_top5,False,0.0,155,-9999.00016
64,002602,0.5175731,258,7.912644976991023e-05,002,2,0,0,0,0,161.0,64,-161.0,156,-0.052513128282070554,-0.09785714285714286,-0.08940158615717375,0.03174764953639743,0.15310344827586198,-0.052513128282070554,0.6,0.016666666666666666,0.7133333333333334,0.4241666666666667,ensemble_gate_overheat_top5,False,,primary_rank_replace,0.65,0.398,False,ensemble_low_overheat_top5,False,0.0,156,-9999.000161
27,301165,0.8150926,296,-0.0068142895599368,301,2,0,0,0,0,161.5,27,-161.5,157,0.2689655172413794,0.2456140350877194,0.9486873508353222,0.07313665433110486,0.119893753434695,0.2689655172413794,0.9933333333333333,0.9966666666666667,0.66,0.9111666666666667,ensemble_gate_overheat_top5,False,,primary_rank_replace,0.65,0.398,False,ensemble_low_overheat_top5,False,0.0,157,-9999.0001615
63,600482,0.5202813,263,-0.0002081433128622,600,2,0,0,0,0,163.0,63,-163.0,158,0.03765690376569042,-0.04798464491362764,-0.04216285806243969,0.036103195478690314,0.20948616600790515,0.03765690376569042,0.6766666666666666,0.39666666666666667,0.8,0.6094999999999999,ensemble_gate_overheat_top5,False,,primary_rank_replace,0.65,0.398,False,ensemble_low_overheat_top5,False,0.0,158,-9999.000163
215,300832,-0.18291931,111,0.0059019777025536,300,2,0,0,0,0,163.0,111,-163.0,159,0.005566259901520043,0.06218905472636793,0.09232558139534874,0.0322717083077713,0.10948081264108345,0.06218905472636793,0.6166666666666667,0.6333333333333333,0.6333333333333333,0.6266666666666667,ensemble_gate_overheat_top5,False,,primary_rank_replace,0.65,0.398,False,ensemble_low_overheat_top5,False,0.0,159,-9999.000163
198,600018,-0.08209915,128,0.0044482210874261,600,2,0,0,0,0,163.0,128,-163.0,160,0.011651710839799989,0.035455280506618614,0.09333787382686443,0.011297874997184196,0.013358778625954248,0.035455280506618614,0.03333333333333333,0.38,0.016666666666666666,0.1505,ensemble_gate_overheat_top5,False,,primary_rank_replace,0.65,0.398,False,ensemble_low_overheat_top5,False,0.0,160,-9999.000163
212,600438,-0.16076513,115,0.0053829869276593,600,2,0,0,0,0,163.5,115,-163.5,161,0.05377358490566042,0.04588014981273392,-0.07148794679966741,0.02737278254594479,0.16427432216905902,0.05377358490566042,0.48333333333333334,0.5566666666666666,0.7233333333333334,0.569,ensemble_gate_overheat_top5,False,,primary_rank_replace,0.65,0.398,False,ensemble_low_overheat_top5,False,0.0,161,-9999.0001635
173,300999,0.013415713,154,0.0032056816023297,300,2,0,0,0,0,163.5,154,-163.5,162,-0.010332950631458115,0.06114074681986059,0.09159983115238512,0.017561580523041145,0.027811366384522418,0.06114074681986059,0.24333333333333335,0.6266666666666667,0.14333333333333334,0.3525,ensemble_gate_overheat_top5,False,,primary_rank_replace,0.65,0.398,False,ensemble_low_overheat_top5,False,0.0,162,-9999.0001635
137,601018,0.15913004,191,0.0020080492166889,601,2,0,0,0,0,164.0,137,-164.0,163,-0.011627906976744096,0.030303030303030276,0.0625,0.01124651299502786,0.02102102102102088,0.030303030303030276,0.02666666666666667,0.32666666666666666,0.1,0.15,ensemble_gate_overheat_top5,False,,primary_rank_replace,0.65,0.398,False,ensemble_low_overheat_top5,False,0.0,163,-9999.000164
131,601800,0.18284467,198,0.0019240993578368,601,2,0,0,0,0,164.5,131,-164.5,164,-0.006575712212433249,0.048894679491441106,0.06328774541928239,0.013589304996523319,0.019292604501607635,0.048894679491441106,0.09666666666666666,0.5033333333333333,0.07333333333333333,0.23316666666666666,ensemble_gate_overheat_top5,False,,primary_rank_replace,0.65,0.398,False,ensemble_low_overheat_top5,False,0.0,164,-9999.0001645
170,601898,0.03389961,159,0.0030948062534922,601,2,0,0,0,0,164.5,159,-164.5,165,0.0036258158085569203,0.07536907536907544,0.0820953870211103,0.03576045340986224,0.06557377049180324,0.07536907536907544,0.6633333333333333,0.73,0.4266666666666667,0.6275000000000001,ensemble_gate_overheat_top5,False,,primary_rank_replace,0.65,0.398,False,ensemble_low_overheat_top5,False,0.0,165,-9999.0001645
224,000768,-0.25465152,107,0.0064081899858495,000,2,0,0,0,0,165.5,107,-165.5,166,0.017156862745097978,0.06246799795186897,0.028755577590480863,0.020199743972457145,0.06955693187232015,0.06246799795186897,0.33666666666666667,0.6433333333333333,0.4666666666666667,0.47650000000000003,ensemble_gate_overheat_top5,False,,primary_rank_replace,0.65,0.398,False,ensemble_low_overheat_top5,False,0.0,166,-9999.0001655
188,600918,-0.053204965,144,0.0035940071620526,600,2,0,0,0,0,166.0,144,-166.0,167,-0.024561403508772006,0.0018018018018017834,0.043299680015262965,0.01918204955025543,0.036713286713286664,0.0018018018018017834,0.31,0.12333333333333334,0.24,0.22716666666666666,ensemble_gate_overheat_top5,False,,primary_rank_replace,0.65,0.398,False,ensemble_low_overheat_top5,False,0.0,167,-9999.000166
255,000408,-0.6313408,78,0.009328107032253,000,2,0,0,0,0,166.5,78,-166.5,168,0.14160939289805263,0.18381588715664443,0.1364025085518814,0.030867157530754603,0.09863490364025707,0.18381588715664443,0.58,0.9766666666666667,0.6,0.7238333333333333,ensemble_gate_overheat_top5,False,,primary_rank_replace,0.65,0.398,False,ensemble_low_overheat_top5,False,0.0,168,-9999.0001665
253,600803,-0.61262393,82,0.0088032297123058,600,2,0,0,0,0,167.5,82,-167.5,169,0.017129356172474797,0.07827175954915466,0.14050783966442815,0.02164526441667122,0.04096824754688222,0.07827175954915466,0.37,0.7366666666666667,0.27,0.4733333333333333,ensemble_gate_overheat_top5,False,,primary_rank_replace,0.65,0.398,False,ensemble_low_overheat_top5,False,0.0,169,-9999.0001675
245,600547,-0.50896037,90,0.0083390578015232,600,2,0,0,0,0,167.5,90,-167.5,170,0.08271908271908268,0.10350584307178634,0.13097616268879686,0.038235359715354834,0.08225556143990964,0.10350584307178634,0.7233333333333334,0.85,0.54,0.7218333333333333,ensemble_gate_overheat_top5,False,,primary_rank_replace,0.65,0.398,False,ensemble_low_overheat_top5,False,0.0,170,-9999.0001675
171,002736,0.023363147,164,0.0030203113051668,002,2,0,0,0,0,167.5,164,-167.5,171,-0.01745877788554806,0.01401401401401392,0.002970297029702973,0.01830421507285859,0.052182163187855846,0.01401401401401392,0.27,0.18666666666666668,0.3433333333333333,0.25916666666666666,ensemble_gate_overheat_top5,False,,primary_rank_replace,0.65,0.398,False,ensemble_low_overheat_top5,False,0.0,171,-9999.0001675
41,603893,0.7193313,295,-0.0064657762512698,603,2,0,0,0,0,168.0,41,-168.0,172,0.04807692307692313,-0.004566210045662045,0.20575221238938046,0.04845757368625866,0.09107271418286544,0.04807692307692313,0.8366666666666667,0.49333333333333335,0.5766666666666667,0.6515,ensemble_gate_overheat_top5,False,,primary_rank_replace,0.65,0.398,False,ensemble_low_overheat_top5,False,0.0,172,-9999.000168
108,601888,0.28277677,229,0.0009531866750518,601,2,0,0,0,0,168.5,108,-168.5,173,-0.004207060545088681,0.07887426897137195,0.02472927300993555,0.028167358834430185,0.07436363636363641,0.07887426897137195,0.5033333333333333,0.7433333333333333,0.49666666666666665,0.5856666666666667,ensemble_gate_overheat_top5,False,,primary_rank_replace,0.65,0.398,False,ensemble_low_overheat_top5,False,0.0,173,-9999.0001685
149,600048,0.109595604,188,0.0021007353741674,600,2,0,0,0,0,168.5,149,-168.5,174,-0.005952380952381042,0.07280513918629539,0.06823029286470716,0.02536383831010928,0.04807692307692313,0.07280513918629539,0.4533333333333333,0.72,0.32,0.5133333333333333,ensemble_gate_overheat_top5,False,,primary_rank_replace,0.65,0.398,False,ensemble_low_overheat_top5,False,0.0,174,-9999.0001685
270,000596,-0.7745667,69,0.0105640355879532,000,2,0,0,0,0,169.5,69,-169.5,175,-0.06479803900671433,0.15449725224629507,0.1564009133674522,0.040772220818402066,0.10281906714505384,0.15449725224629507,0.75,0.9533333333333334,0.6066666666666667,0.7853333333333334,ensemble_gate_overheat_top5,False,,primary_rank_replace,0.65,0.398,False,ensemble_low_overheat_top5,False,0.0,175,-9999.0001695
85,601985,0.37776524,254,0.000390703040425,601,2,0,0,0,0,169.5,85,-169.5,176,-0.023153252480705655,0.022988170100722627,-0.004110854272806441,0.012206660964223034,0.025470653377630215,0.022988170100722627,0.06333333333333334,0.25666666666666665,0.13333333333333333,0.1485,ensemble_gate_overheat_top5,False,,primary_rank_replace,0.65,0.398,False,ensemble_low_overheat_top5,False,0.0,176,-9999.0001695
128,601006,0.20641258,212,0.0016314052618259,601,2,0,0,0,0,170.0,128,-170.0,177,-0.004123711340206171,0.038709677419354716,0.05622007107280269,0.012702475989648675,0.01473684210526316,0.038709677419354716,0.07333333333333333,0.4033333333333333,0.02666666666666667,0.17716666666666664,ensemble_gate_overheat_top5,False,,primary_rank_replace,0.65,0.398,False,ensemble_low_overheat_top5,False,0.0,177,-9999.00017
252,300750,-0.59702855,89,0.0084264162008371,300,2,0,0,0,0,170.5,89,-170.5,178,0.06261456313258762,0.11401994095694312,0.01947191354878175,0.030006999137708035,0.11259255489682185,0.11401994095694312,0.56,0.8966666666666666,0.6466666666666666,0.6995,ensemble_gate_overheat_top5,False,,primary_rank_replace,0.65,0.398,False,ensemble_low_overheat_top5,False,0.0,178,-9999.0001705
160,603993,0.081527166,181,0.0022523500350533,603,2,0,0,0,0,170.5,160,-170.5,179,0.07615341856586966,0.14827995255041504,0.0755555555555556,0.03403000502478295,0.08963282937365014,0.14827995255041504,0.6466666666666666,0.9433333333333334,0.57,0.7313333333333333,ensemble_gate_overheat_top5,False,,primary_rank_replace,0.65,0.398,False,ensemble_low_overheat_top5,False,0.0,179,-9999.0001705
266,600309,-0.72078043,77,0.009559163777198,600,2,0,0,0,0,171.5,77,-171.5,180,0.03000416724545074,0.10754294249439877,0.030863339357708908,0.022754657419052176,0.05770584095707254,0.10754294249439877,0.39,0.87,0.38333333333333336,0.5563333333333333,ensemble_gate_overheat_top5,False,,primary_rank_replace,0.65,0.398,False,ensemble_low_overheat_top5,False,0.0,180,-9999.0001715
151,688009,0.10339684,192,0.0019929796049423,688,2,0,0,0,0,171.5,151,-171.5,181,-0.01356589147286813,0.026209677419354982,0.0473251028806585,0.01617729224664991,0.030592734225621476,0.026209677419354982,0.2,0.2833333333333333,0.17,0.22166666666666668,ensemble_gate_overheat_top5,False,,primary_rank_replace,0.65,0.398,False,ensemble_low_overheat_top5,False,0.0,181,-9999.0001715
262,605117,-0.69750696,84,0.0085840477041308,605,2,0,0,0,0,173.0,84,-173.0,182,0.11108312342569282,0.04799239724400084,-0.15392730411431865,0.037197945837968795,0.25221322282915803,0.11108312342569282,0.7033333333333334,0.8866666666666667,0.8366666666666667,0.8008333333333335,ensemble_gate_overheat_top5,False,,primary_rank_replace,0.65,0.398,False,ensemble_low_overheat_top5,False,0.0,182,-9999.000173
162,002648,0.06968448,185,0.0021530930953854,002,2,0,0,0,0,173.5,162,-173.5,183,0.010254306808859637,0.11599456275487086,0.016508460586050377,0.03538195497967908,0.11401043757527107,0.11599456275487086,0.6566666666666666,0.9066666666666666,0.65,0.7424999999999999,ensemble_gate_overheat_top5,False,,primary_rank_replace,0.65,0.398,False,ensemble_low_overheat_top5,False,0.0,183,-9999.0001735
244,002594,-0.5028915,104,0.006687514643594,002,2,0,0,0,0,174.0,104,-174.0,184,-0.016183986371379855,0.06231317544263071,0.16022099447513827,0.02336544371410932,0.03355555555555567,0.06231317544263071,0.4066666666666667,0.6366666666666667,0.21333333333333335,0.43883333333333335,ensemble_gate_overheat_top5,False,,primary_rank_replace,0.65,0.398,False,ensemble_low_overheat_top5,False,0.0,184,-9999.000174
116,601766,0.24118981,237,0.0008461894153664,601,2,0,0,0,0,176.5,116,-176.5,185,-0.018242122719734688,0.08823529411764697,0.1212121212121211,0.017748605399687693,0.018242122719734688,0.08823529411764697,0.25666666666666665,0.7933333333333333,0.06333333333333334,0.39616666666666667,ensemble_gate_overheat_top5,False,,primary_rank_replace,0.65,0.398,False,ensemble_low_overheat_top5,False,0.0,185,-9999.0001765
238,600031,-0.45143718,116,0.005174316015203,600,2,0,0,0,0,177.0,116,-177.0,186,-0.008179959100204526,0.0468221373504909,0.08690578189942744,0.023306451267714447,0.044753086419753174,0.0468221373504909,0.4033333333333333,0.47,0.2833333333333333,0.3966666666666666,ensemble_gate_overheat_top5,False,,primary_rank_replace,0.65,0.398,False,ensemble_low_overheat_top5,False,0.0,186,-9999.000177
130,601618,0.19279018,224,0.001071829751344,601,2,0,0,0,0,177.0,130,-177.0,187,-0.0037453183520599342,0.047244094488189115,0.07692307692307687,0.014241902474698535,0.0235294117647058,0.047244094488189115,0.12666666666666668,0.48333333333333334,0.11333333333333333,0.24816666666666665,ensemble_gate_overheat_top5,False,,primary_rank_replace,0.65,0.398,False,ensemble_low_overheat_top5,False,0.0,187,-9999.000177
291,600436,-1.0468949,66,0.0108483105166748,600,2,0,0,0,0,178.5,66,-178.5,188,-0.04106556206256251,0.06919891702500403,0.18435212137249724,0.041439891492346725,0.11130055241083003,0.06919891702500403,0.76,0.6866666666666666,0.64,0.7043333333333334,ensemble_gate_overheat_top5,False,,primary_rank_replace,0.65,0.398,False,ensemble_low_overheat_top5,False,0.0,188,-9999.0001785
208,600233,-0.14098445,150,0.0034042489485198,600,2,0,0,0,0,179.0,150,-179.0,189,0.01551724137931032,0.05681818181818166,0.16556728232189966,0.030873447925116298,0.07083100948131615,0.05681818181818166,0.5833333333333334,0.5933333333333334,0.48,0.561,ensemble_gate_overheat_top5,False,,primary_rank_replace,0.65,0.398,False,ensemble_low_overheat_top5,False,0.0,189,-9999.000179
210,601111,-0.14590621,149,0.0034048688613995,601,2,0,0,0,0,179.5,149,-179.5,190,0.03918228279386704,0.04095563139931735,-0.017713365539452575,0.01649162291848316,0.0641025641025641,0.04095563139931735,0.21333333333333335,0.41333333333333333,0.42333333333333334,0.3358333333333333,ensemble_gate_overheat_top5,False,,primary_rank_replace,0.65,0.398,False,ensemble_low_overheat_top5,False,0.0,190,-9999.0001795
118,601838,0.23744158,242,0.0007767149393059,601,2,0,0,0,0,180.0,118,-180.0,191,-0.01461038961038963,0.010543840177580366,0.06137628032203679,0.014399940496023538,0.02044109736417432,0.010543840177580366,0.13666666666666666,0.17666666666666667,0.08333333333333333,0.13733333333333334,ensemble_gate_overheat_top5,False,,primary_rank_replace,0.65,0.398,False,ensemble_low_overheat_top5,False,0.0,191,-9999.00018
156,601319,0.097034715,204,0.0017779945481596,601,2,0,0,0,0,180.0,156,-180.0,192,-0.013262599469495928,0.052333804809052475,0.06285714285714294,0.02457886953224565,0.03419972640218871,0.052333804809052475,0.43666666666666665,0.54,0.22666666666666666,0.42033333333333334,ensemble_gate_overheat_top5,False,,primary_rank_replace,0.65,0.398,False,ensemble_low_overheat_top5,False,0.0,192,-9999.00018
164,600025,0.05508064,196,0.0019318163551963,600,2,0,0,0,0,180.0,164,-180.0,193,-0.024654832347139943,0.008154943934760572,0.1037946428571428,0.012474176764472973,0.03228962818003911,0.008154943934760572,0.06666666666666667,0.16666666666666666,0.20333333333333334,0.13583333333333333,ensemble_gate_overheat_top5,False,,primary_rank_replace,0.65,0.398,False,ensemble_low_overheat_top5,False,0.0,193,-9999.00018
275,300628,-0.82049143,86,0.0085740252893532,300,2,0,0,0,0,180.5,86,-180.5,194,-0.000525762355415349,0.13020214030915578,0.13323397913561852,0.040050831008818864,0.10081743869209803,0.13020214030915578,0.74,0.9266666666666666,0.6033333333333334,0.7711666666666667,ensemble_gate_overheat_top5,False,,primary_rank_replace,0.65,0.398,False,ensemble_low_overheat_top5,False,0.0,194,-9999.0001805
269,300896,-0.7678707,92,0.0081958757675745,300,2,0,0,0,0,180.5,92,-180.5,195,0.021813557664090988,0.2019330341732828,0.18301245753114403,0.04120274540689695,0.09374999999999978,0.2019330341732828,0.7566666666666667,0.9866666666666667,0.5833333333333334,0.7938333333333334,ensemble_gate_overheat_top5,False,,primary_rank_replace,0.65,0.398,False,ensemble_low_overheat_top5,False,0.0,195,-9999.0001805
73,002371,0.46237627,289,-0.0044882038767264,002,2,0,0,0,0,181.0,73,-181.0,196,0.13752197485633233,0.007457804527018164,-0.10404000704163419,0.052477205938334485,0.27565674857913836,0.13752197485633233,0.8766666666666667,0.9333333333333333,0.87,0.8948333333333334,ensemble_gate_overheat_top5,False,,primary_rank_replace,0.65,0.398,False,ensemble_low_overheat_top5,False,0.0,196,-9999.000181
220,601021,-0.21907553,147,0.0034864383995656,601,2,0,0,0,0,183.5,147,-183.5,197,-0.001088850174215894,0.015047576897543768,-0.031461148648648685,0.0191675252341332,0.06786385466694511,0.015047576897543768,0.30666666666666664,0.19,0.44666666666666666,0.3008333333333333,ensemble_gate_overheat_top5,False,,primary_rank_replace,0.65,0.398,False,ensemble_low_overheat_top5,False,0.0,197,-9999.0001835
226,000625,-0.25628152,142,0.0036275755240294,000,2,0,0,0,0,184.0,142,-184.0,198,-0.0027472527472528485,0.07168726064319153,0.021289796103954206,0.016699438505186622,0.048342541436464104,0.07168726064319153,0.22,0.7066666666666667,0.32666666666666666,0.417,ensemble_gate_overheat_top5,False,,primary_rank_replace,0.65,0.398,False,ensemble_low_overheat_top5,False,0.0,198,-9999.000184
147,601878,0.120294906,222,0.0011858524865086,601,2,0,0,0,0,184.5,147,-184.5,199,-0.020682523267838593,-0.0010548523206751481,-0.010449320794148398,0.01482702941766287,0.046605876393110535,-0.0010548523206751481,0.16333333333333333,0.11666666666666667,0.30666666666666664,0.18283333333333335,ensemble_gate_overheat_top5,False,,primary_rank_replace,0.65,0.398,False,ensemble_low_overheat_top5,False,0.0,199,-9999.0001845
152,601728,0.1011048,218,0.0013346547003586,601,2,0,0,0,0,185.0,152,-185.0,200,-0.019230769230769273,0.07180385288966717,0.15689981096408312,0.01623405234252076,0.03525641025641024,0.07180385288966717,0.20333333333333334,0.71,0.23,0.3873333333333333,ensemble_gate_overheat_top5,False,,primary_rank_replace,0.65,0.398,False,ensemble_low_overheat_top5,False,0.0,200,-9999.000185
102,000792,0.29810148,269,-0.0007566794933105,000,2,0,0,0,0,185.5,102,-185.5,201,0.10906862745098023,0.10410736071573812,-0.08369895376307801,0.02896644777242469,0.19711380780583798,0.10906862745098023,0.5233333333333333,0.8733333333333333,0.7866666666666666,0.7116666666666667,ensemble_gate_overheat_top5,False,,primary_rank_replace,0.65,0.398,False,ensemble_low_overheat_top5,False,0.0,201,-9999.0001855
232,688472,-0.31941158,139,0.003883021024641,688,2,0,0,0,0,185.5,139,-185.5,202,0.015839493136219573,0.04901093392659117,-0.0945687749069366,0.036715913916540145,0.16350236658485284,0.04901093392659117,0.6866666666666666,0.5066666666666667,0.72,0.632,ensemble_gate_overheat_top5,False,,primary_rank_replace,0.65,0.398,False,ensemble_low_overheat_top5,False,0.0,202,-9999.0001855
274,601100,-0.8151839,98,0.0073623757260265,601,2,0,0,0,0,186.0,98,-186.0,203,0.019031977586706494,-0.004905660377358623,-0.010625032314548699,0.0377864464963687,0.14473928462629748,0.019031977586706494,0.7133333333333334,0.21,0.6966666666666667,0.533,ensemble_gate_overheat_top5,False,,primary_rank_replace,0.65,0.398,False,ensemble_low_overheat_top5,False,0.0,203,-9999.000186
113,601688,0.2545148,260,-0.0001388725009478,601,2,0,0,0,0,186.5,113,-186.5,204,-0.009281875915974624,0.024242424242424176,-0.027804410354746012,0.022206715017053576,0.08502772643253231,0.024242424242424176,0.38666666666666666,0.2633333333333333,0.5533333333333333,0.38516666666666666,ensemble_gate_overheat_top5,False,,primary_rank_replace,0.65,0.398,False,ensemble_low_overheat_top5,False,0.0,204,-9999.0001865
264,600845,-0.7140491,110,0.0059045014028706,600,2,0,0,0,0,187.0,110,-187.0,205,-0.051816239316239354,-0.11866931479642506,0.07902735562310026,0.03548482335740264,0.13521545319465078,-0.051816239316239354,0.66,0.02,0.6766666666666666,0.4401666666666667,ensemble_gate_overheat_top5,False,,primary_rank_replace,0.65,0.398,False,ensemble_low_overheat_top5,False,0.0,205,-9999.000187
140,003816,0.14920443,234,0.0009049627479282,003,2,0,0,0,0,187.0,140,-187.0,206,-0.00982800982800991,0.04134366925064592,0.03375914565714422,0.014251030461624488,0.03125000000000011,0.04134366925064592,0.13,0.4266666666666667,0.18333333333333332,0.2471666666666667,ensemble_gate_overheat_top5,False,,primary_rank_replace,0.65,0.398,False,ensemble_low_overheat_top5,False,0.0,206,-9999.000187
240,600415,-0.47189742,135,0.0041929762414989,600,2,0,0,0,0,187.5,135,-187.5,207,0.02209944751381232,0.1122244488977957,0.1122244488977957,0.031986886772835545,0.07983193277310918,0.1122244488977957,0.61,0.89,0.5233333333333333,0.6863333333333334,ensemble_gate_overheat_top5,False,,primary_rank_replace,0.65,0.398,False,ensemble_low_overheat_top5,False,0.0,207,-9999.0001875
267,600406,-0.72803843,109,0.0060615642869111,600,2,0,0,0,0,188.0,109,-188.0,208,0.014431239388794426,0.10138248847926268,0.04230265976763259,0.021251891575485155,0.06390328151986191,0.10138248847926268,0.3566666666666667,0.84,0.42,0.5416666666666666,ensemble_gate_overheat_top5,False,,primary_rank_replace,0.65,0.398,False,ensemble_low_overheat_top5,False,0.0,208,-9999.000188
126,600489,0.20943506,250,0.0005115376441197,600,2,0,0,0,0,188.0,126,-188.0,209,0.10291858678955457,0.09506863243518038,0.17128874388254478,0.03709650906559407,0.07475728155339811,0.10291858678955457,0.7,0.8466666666666667,0.5,0.7013333333333334,ensemble_gate_overheat_top5,False,,primary_rank_replace,0.65,0.398,False,ensemble_low_overheat_top5,False,0.0,209,-9999.000188
157,601186,0.09341508,219,0.0012515098566583,601,2,0,0,0,0,188.0,157,-188.0,210,0.0015432098765433278,0.05186385737439214,0.07450331125827803,0.010257200364673645,0.016181229773462924,0.05186385737439214,0.01,0.5366666666666666,0.04,0.2018333333333333,ensemble_gate_overheat_top5,False,,primary_rank_replace,0.65,0.398,False,ensemble_low_overheat_top5,False,0.0,210,-9999.000188
277,002001,-0.8420399,100,0.00723146783093,002,2,0,0,0,0,188.5,100,-188.5,211,-0.00863213811420982,0.06150017774617833,0.013921901528013647,0.029896592754260723,0.09491634491634493,0.06150017774617833,0.55,0.63,0.59,0.588,ensemble_gate_overheat_top5,False,,primary_rank_replace,0.65,0.398,False,ensemble_low_overheat_top5,False,0.0,211,-9999.0001885
145,600905,0.12901938,232,0.0009187154596434,600,2,0,0,0,0,188.5,145,-188.5,212,-0.010334246217645782,0.04273094165272173,0.04273094165272173,0.011970640877566382,0.03157894736842104,0.04273094165272173,0.05,0.43333333333333335,0.19,0.21916666666666668,ensemble_gate_overheat_top5,False,,primary_rank_replace,0.65,0.398,False,ensemble_low_overheat_top5,False,0.0,212,-9999.0001885
242,000157,-0.48156244,137,0.0040752892772163,000,2,0,0,0,0,189.5,137,-189.5,213,0.03864841371595684,0.0965987543953879,0.06313804344296248,0.02168621665523078,0.05795148247978443,0.0965987543953879,0.37666666666666665,0.8233333333333334,0.38666666666666666,0.5355,ensemble_gate_overheat_top5,False,,primary_rank_replace,0.65,0.398,False,ensemble_low_overheat_top5,False,0.0,213,-9999.0001895
148,601669,0.11454121,231,0.0009241366093985,601,2,0,0,0,0,189.5,148,-189.5,214,-0.008281573498964634,0.04130434782608705,0.02605570452614603,0.01476042141645104,0.03258655804480648,0.04130434782608705,0.16,0.42,0.20666666666666667,0.26266666666666666,ensemble_gate_overheat_top5,False,,primary_rank_replace,0.65,0.398,False,ensemble_low_overheat_top5,False,0.0,214,-9999.0001895
83,002466,0.3973347,300,-0.0171741082763547,002,2,0,0,0,0,191.5,83,-191.5,215,0.06904705604161743,-0.00877000657750493,-0.24486387172206447,0.04634104028347129,0.32107882485150097,0.06904705604161743,0.8133333333333334,0.6833333333333333,0.9133333333333333,0.7928333333333333,ensemble_gate_overheat_top5,False,,primary_rank_replace,0.65,0.398,False,ensemble_low_overheat_top5,False,0.0,215,-9999.0001915
228,600115,-0.2663688,155,0.0031811999181375,600,2,0,0,0,0,191.5,155,-191.5,216,0.03409090909090895,0.022471910112359605,-0.07848101265822782,0.0207456065234321,0.10687022900763343,0.03409090909090895,0.35333333333333333,0.37333333333333335,0.63,0.4295,ensemble_gate_overheat_top5,False,,primary_rank_replace,0.65,0.398,False,ensemble_low_overheat_top5,False,0.0,216,-9999.0001915
146,601901,0.12632883,238,0.0008347704603299,601,2,0,0,0,0,192.0,146,-192.0,217,0.004249291784702569,-0.007002801120448154,-0.008391608391608352,0.014921957077830336,0.06818181818181812,0.004249291784702569,0.17,0.14333333333333334,0.4533333333333333,0.23149999999999998,ensemble_gate_overheat_top5,False,,primary_rank_replace,0.65,0.398,False,ensemble_low_overheat_top5,False,0.0,217,-9999.000192
142,601390,0.14855343,245,0.0006187931413349,601,2,0,0,0,0,193.5,142,-193.5,218,-0.002207505518763808,0.06352941176470583,0.06352941176470583,0.01386561202864262,0.020930232558139528,0.06352941176470583,0.11,0.6533333333333333,0.09333333333333334,0.296,ensemble_gate_overheat_top5,False,,primary_rank_replace,0.65,0.398,False,ensemble_low_overheat_top5,False,0.0,218,-9999.0001935
123,601816,0.21374628,267,-0.000393576029042,601,2,0,0,0,0,195.0,123,-195.0,219,0.010121457489878471,0.06623931623931645,0.08242950108459879,0.00975281753999822,0.009920634920634885,0.06623931623931645,0.006666666666666667,0.6766666666666666,0.0033333333333333335,0.24033333333333332,ensemble_gate_overheat_top5,False,,primary_rank_replace,0.65,0.398,False,ensemble_low_overheat_top5,False,0.0,219,-9999.000195
153,601360,0.100453325,240,0.0008105013148035,601,2,0,0,0,0,196.5,153,-196.5,220,-0.011415525114155112,-0.02696629213483126,0.023640661938534313,0.025924673378413497,0.07260726072607271,-0.011415525114155112,0.4633333333333333,0.08,0.48333333333333334,0.33416666666666667,ensemble_gate_overheat_top5,False,,primary_rank_replace,0.65,0.398,False,ensemble_low_overheat_top5,False,0.0,220,-9999.0001965
174,601868,0.0086045,220,0.0012118613829519,601,2,0,0,0,0,197.0,174,-197.0,221,0.0,0.032128514056224855,-0.044609665427509326,0.015623152681672317,0.07434944237918217,0.032128514056224855,0.18333333333333332,0.35333333333333333,0.49333333333333335,0.32033333333333336,ensemble_gate_overheat_top5,False,,primary_rank_replace,0.65,0.398,False,ensemble_low_overheat_top5,False,0.0,221,-9999.000197
121,601899,0.22339542,278,-0.0023852495343051,601,2,0,0,0,0,199.5,121,-199.5,222,0.08245315161839883,0.16118421052631593,0.2318728189220629,0.03199985986125882,0.046884452510586816,0.16118421052631593,0.6133333333333333,0.96,0.31333333333333335,0.6596666666666666,ensemble_gate_overheat_top5,False,,primary_rank_replace,0.65,0.398,False,ensemble_low_overheat_top5,False,0.0,222,-9999.0001995
139,601727,0.15100938,262,-0.0002053542975413,601,2,0,0,0,0,200.5,139,-200.5,223,0.029641185647425905,-0.001512859304084735,-0.06779661016949157,0.017576459286139302,0.0884450784593438,0.029641185647425905,0.24666666666666667,0.32,0.5666666666666667,0.35233333333333333,ensemble_gate_overheat_top5,False,,primary_rank_replace,0.65,0.398,False,ensemble_low_overheat_top5,False,0.0,223,-9999.0002005
187,001979,-0.052864816,215,0.0015634040797245,001,2,0,0,0,0,201.0,187,-201.0,224,-0.010116009673106774,0.0916916792054503,0.05820420438319718,0.02940873404153163,0.06887052341597799,0.0916916792054503,0.5366666666666666,0.81,0.45666666666666667,0.6123333333333333,ensemble_gate_overheat_top5,False,,primary_rank_replace,0.65,0.398,False,ensemble_low_overheat_top5,False,0.0,224,-9999.000201
271,600674,-0.78424865,132,0.0043205911480998,600,2,0,0,0,0,201.5,132,-201.5,225,-0.012978986402966464,0.057615894039735105,0.12862190812720864,0.013247313481464981,0.023838630806846006,0.057615894039735105,0.09,0.5966666666666667,0.12,0.2748333333333333,ensemble_gate_overheat_top5,False,,primary_rank_replace,0.65,0.398,False,ensemble_low_overheat_top5,False,0.0,225,-9999.0002015
120,600010,0.22422011,288,-0.004399718778728,600,2,0,0,0,0,204.0,120,-204.0,226,0.02336448598130847,0.05797101449275366,0.0,0.02829937650976215,0.08000000000000007,0.05797101449275366,0.5066666666666667,0.6,0.5266666666666666,0.5443333333333333,ensemble_gate_overheat_top5,False,,primary_rank_replace,0.65,0.398,False,ensemble_low_overheat_top5,False,0.0,226,-9999.000204
181,300498,-0.022954386,227,0.0010132503499404,300,2,0,0,0,0,204.0,181,-204.0,227,-0.04341833218470015,0.028148148148148255,0.10421638822593482,0.02748984607443728,0.05375603032391463,0.028148148148148255,0.4866666666666667,0.31333333333333335,0.3566666666666667,0.3935,ensemble_gate_overheat_top5,False,,primary_rank_replace,0.65,0.398,False,ensemble_low_overheat_top5,False,0.0,227,-9999.000204
165,000425,0.05369908,244,0.0006962422889991,000,2,0,0,0,0,204.5,165,-204.5,228,0.012658227848101111,0.0837438423645318,0.0655592585291338,0.02710333111930199,0.0751708428246014,0.0837438423645318,0.4766666666666667,0.77,0.51,0.5876666666666666,ensemble_gate_overheat_top5,False,,primary_rank_replace,0.65,0.398,False,ensemble_low_overheat_top5,False,0.0,228,-9999.0002045
169,601456,0.044295993,241,0.0008094028375425,601,2,0,0,0,0,205.0,169,-205.0,229,-0.023026315789473673,0.0033783783783785104,0.004509582863585049,0.013863297861946677,0.04021739130434776,0.0033783783783785104,0.10666666666666667,0.12666666666666668,0.26,0.15200000000000002,ensemble_gate_overheat_top5,False,,primary_rank_replace,0.65,0.398,False,ensemble_low_overheat_top5,False,0.0,229,-9999.000205
204,601238,-0.11432812,206,0.0016889575985138,601,2,0,0,0,0,205.0,204,-205.0,230,-0.0077220077220075956,0.05112474437627812,0.00390625,0.023377443435314824,0.07909604519774016,0.05112474437627812,0.41,0.5333333333333333,0.52,0.4806666666666667,ensemble_gate_overheat_top5,False,,primary_rank_replace,0.65,0.398,False,ensemble_low_overheat_top5,False,0.0,230,-9999.000205
186,600515,-0.04932029,226,0.0010569344109184,600,2,0,0,0,0,206.0,186,-206.0,231,0.010830324909747224,0.040892193308550207,0.02564102564102555,0.021312952284370384,0.042704626334519546,0.040892193308550207,0.36333333333333334,0.41,0.2733333333333333,0.35716666666666663,ensemble_gate_overheat_top5,False,,primary_rank_replace,0.65,0.398,False,ensemble_low_overheat_top5,False,0.0,231,-9999.000206
141,603369,0.14919415,272,-0.0008870076307514,603,2,0,0,0,0,206.5,141,-206.5,232,-0.03220973782771541,0.05901639344262288,0.06821000413393974,0.029207085597841822,0.06958561376075068,0.05901639344262288,0.5333333333333333,0.6066666666666667,0.47,0.5431666666666666,ensemble_gate_overheat_top5,False,,primary_rank_replace,0.65,0.398,False,ensemble_low_overheat_top5,False,0.0,232,-9999.0002065
132,600999,0.17846516,282,-0.0031138096591234,600,2,0,0,0,0,207.0,132,-207.0,233,-0.03237791932059453,-0.08938666370376602,-0.12117222355561574,0.03596852847304547,0.18783134870876428,-0.03237791932059453,0.67,0.04666666666666667,0.7766666666666666,0.4785,ensemble_gate_overheat_top5,False,,primary_rank_replace,0.65,0.398,False,ensemble_low_overheat_top5,False,0.0,233,-9999.000207
136,300059,0.16808295,283,-0.0031785114775635,300,2,0,0,0,0,209.5,136,-209.5,234,-0.0262636273538156,-0.009576612903225867,-0.022388059701492602,0.024548652413722873,0.09557109557109544,-0.009576612903225867,0.43,0.08666666666666667,0.5933333333333334,0.3506666666666667,ensemble_gate_overheat_top5,False,,primary_rank_replace,0.65,0.398,False,ensemble_low_overheat_top5,False,0.0,234,-9999.0002095
239,688223,-0.46642876,180,0.0023038664450639,688,2,0,0,0,0,209.5,180,-209.5,235,-0.0023980815347722784,0.02463054187192104,-0.11111111111111127,0.03192563187406122,0.17827868852459006,0.02463054187192104,0.6066666666666667,0.27,0.7533333333333333,0.5255000000000001,ensemble_gate_overheat_top5,False,,primary_rank_replace,0.65,0.398,False,ensemble_low_overheat_top5,False,0.0,235,-9999.0002095
195,600029,-0.07282027,225,0.0010691859922275,600,2,0,0,0,0,210.0,195,-210.0,236,0.02589641434262968,0.027944111776447178,-0.028301886792452713,0.01602520187019778,0.06728971962616836,0.027944111776447178,0.19,0.30666666666666664,0.44333333333333336,0.2941666666666667,ensemble_gate_overheat_top5,False,,primary_rank_replace,0.65,0.398,False,ensemble_low_overheat_top5,False,0.0,236,-9999.00021
248,600104,-0.53908116,177,0.0024578891044948,600,2,0,0,0,0,212.5,177,-212.5,237,-0.015094339622641395,0.05030181086519114,0.06313645621181285,0.01533876169606045,0.03411306042884987,0.05030181086519114,0.18,0.5166666666666667,0.22333333333333333,0.3086666666666667,ensemble_gate_overheat_top5,False,,primary_rank_replace,0.65,0.398,False,ensemble_low_overheat_top5,False,0.0,237,-9999.0002125
179,002493,-0.0149435215,247,0.0005576604075244,002,2,0,0,0,0,213.0,179,-213.0,238,0.009433962264151052,0.08080808080808066,0.04251550044286967,0.03625799885634549,0.1124694376528117,0.08080808080808066,0.68,0.76,0.6433333333333333,0.6988333333333334,ensemble_gate_overheat_top5,False,,primary_rank_replace,0.65,0.398,False,ensemble_low_overheat_top5,False,0.0,238,-9999.000213
281,302132,-0.8959213,148,0.0034157160849623,302,2,0,0,0,0,214.5,148,-214.5,239,0.030418250950570158,0.050775480059084055,-0.00749912800837127,0.025613786046617543,0.1054334866291945,0.050775480059084055,0.45666666666666667,0.5266666666666666,0.62,0.522,ensemble_gate_overheat_top5,False,,primary_rank_replace,0.65,0.398,False,ensemble_low_overheat_top5,False,0.0,239,-9999.0002145
194,601117,-0.07002667,235,0.0008641453626238,601,2,0,0,0,0,214.5,194,-214.5,240,0.0013037809647979959,0.04632152588555871,0.006553079947575258,0.020182915676412092,0.04563233376792697,0.04632152588555871,0.3333333333333333,0.4633333333333333,0.29333333333333333,0.36883333333333335,ensemble_gate_overheat_top5,False,,primary_rank_replace,0.65,0.398,False,ensemble_low_overheat_top5,False,0.0,240,-9999.0002145
279,601607,-0.8838362,152,0.0032934872562986,601,2,0,0,0,0,215.5,152,-215.5,241,-0.027186761229314405,0.029098447417355233,0.05826055707338851,0.014497962072542652,0.03191489361702127,0.029098447417355233,0.14333333333333334,0.31666666666666665,0.19666666666666666,0.21733333333333332,ensemble_gate_overheat_top5,False,,primary_rank_replace,0.65,0.398,False,ensemble_low_overheat_top5,False,0.0,241,-9999.0002155
234,000100,-0.33638307,200,0.0018456135533279,000,2,0,0,0,0,217.0,200,-217.0,242,0.026156941649899235,0.06029106029106024,-0.03591682419659736,0.049750466267997624,0.21405228758169936,0.06029106029106024,0.8466666666666667,0.6166666666666667,0.8033333333333333,0.7553333333333333,ensemble_gate_overheat_top5,False,,primary_rank_replace,0.65,0.398,False,ensemble_low_overheat_top5,False,0.0,242,-9999.000217
295,603288,-1.1178663,140,0.0038337799178897,603,2,0,0,0,0,217.5,140,-217.5,243,-0.026486486486486438,0.04709302325581399,0.05692488262910822,0.016081700737588755,0.031081081081081097,0.04709302325581399,0.19666666666666666,0.4766666666666667,0.18,0.2905,ensemble_gate_overheat_top5,False,,primary_rank_replace,0.65,0.398,False,ensemble_low_overheat_top5,False,0.0,243,-9999.0002175
185,600027,-0.041571524,251,0.0004172041658426,600,2,0,0,0,0,218.0,185,-218.0,244,-0.027027027027026862,0.03083700440528636,0.03311258278145712,0.017055853158254877,0.03703703703703709,0.03083700440528636,0.23333333333333334,0.3333333333333333,0.24333333333333335,0.2708333333333333,ensemble_gate_overheat_top5,False,,primary_rank_replace,0.65,0.398,False,ensemble_low_overheat_top5,False,0.0,244,-9999.000218
197,000708,-0.081390165,243,0.0007239491164586,000,2,0,0,0,0,220.0,197,-220.0,245,0.025252525252525082,0.09814528593508487,0.0956052428681573,0.02126657503593908,0.06074074074074076,0.09814528593508487,0.36,0.8333333333333334,0.4066666666666667,0.5373333333333333,ensemble_gate_overheat_top5,False,,primary_rank_replace,0.65,0.398,False,ensemble_low_overheat_top5,False,0.0,245,-9999.00022
249,600600,-0.58204347,197,0.0019290743760744,600,2,0,0,0,0,223.0,197,-223.0,246,-0.01794634597594813,0.033393491884586846,0.04626216555711182,0.012873125481665054,0.02865540044085224,0.033393491884586846,0.07666666666666666,0.37,0.16,0.2001666666666667,ensemble_gate_overheat_top5,False,,primary_rank_replace,0.65,0.398,False,ensemble_low_overheat_top5,False,0.0,246,-9999.000223
227,002179,-0.2582703,221,0.0012056054322122,002,2,0,0,0,0,224.0,221,-224.0,247,0.05608924697861806,-0.03264263411864887,-0.22721088435374137,0.03576542712088051,0.3015151515151515,0.05608924697861806,0.6666666666666666,0.58,0.89,0.6921666666666667,ensemble_gate_overheat_top5,False,,primary_rank_replace,0.65,0.398,False,ensemble_low_overheat_top5,False,0.0,247,-9999.000224
213,002074,-0.1628737,236,0.0008508969218399,002,2,0,0,0,0,224.5,213,-224.5,248,0.014444444444444482,0.11585808377786377,0.018701118350743506,0.026111594078666568,0.10432569974554706,0.11585808377786377,0.4666666666666667,0.9033333333333333,0.6133333333333333,0.6561666666666667,ensemble_gate_overheat_top5,False,,primary_rank_replace,0.65,0.398,False,ensemble_low_overheat_top5,False,0.0,248,-9999.0002245
293,600690,-1.0779713,157,0.0031410957827034,600,2,0,0,0,0,225.0,157,-225.0,249,0.019105312208760328,0.07999999999999985,0.07100881488736532,0.012086301991664205,0.027696793002915387,0.07999999999999985,0.05333333333333334,0.75,0.14,0.3188333333333333,ensemble_gate_overheat_top5,False,,primary_rank_replace,0.65,0.398,False,ensemble_low_overheat_top5,False,0.0,249,-9999.000225
258,600585,-0.668778,193,0.0019915397025806,600,2,0,0,0,0,225.5,193,-225.5,250,-0.003928170594837188,0.04473219540906426,0.06980752968005977,0.016442829263844796,0.02674418604651163,0.04473219540906426,0.21,0.44666666666666666,0.13666666666666666,0.2745,ensemble_gate_overheat_top5,False,,primary_rank_replace,0.65,0.398,False,ensemble_low_overheat_top5,False,0.0,250,-9999.0002255
257,000001,-0.6651507,194,0.0019884124145475,000,2,0,0,0,0,225.5,194,-225.5,251,0.011839708561020013,0.054079696394686794,0.0849609375,0.010856254861946918,0.014150943396226578,0.054079696394686794,0.013333333333333334,0.56,0.02,0.20633333333333334,ensemble_gate_overheat_top5,False,,primary_rank_replace,0.65,0.398,False,ensemble_low_overheat_top5,False,0.0,251,-9999.0002255
223,000999,-0.23863772,233,0.000918072686484,000,2,0,0,0,0,228.0,223,-228.0,252,-0.021917808219178103,0.020416496529195527,0.07483870967741924,0.019898607491721974,0.044117647058823484,0.020416496529195527,0.32666666666666666,0.23,0.28,0.2811666666666667,ensemble_gate_overheat_top5,False,,primary_rank_replace,0.65,0.398,False,ensemble_low_overheat_top5,False,0.0,252,-9999.000228
292,000651,-1.064515,170,0.0027941847252031,000,2,0,0,0,0,231.0,170,-231.0,253,-0.004682109413504221,0.04339963833634708,0.0651371308016877,0.009591658176462056,0.019487179487179596,0.04339963833634708,0.0033333333333333335,0.44,0.08,0.1753333333333333,ensemble_gate_overheat_top5,False,,primary_rank_replace,0.65,0.398,False,ensemble_low_overheat_top5,False,0.0,253,-9999.000231
286,300015,-0.9846517,176,0.0024657690864747,300,2,0,0,0,0,231.0,176,-231.0,254,-0.034714445688689866,0.056575396742040596,0.013575235246724882,0.024989945765603472,0.05263157894736825,0.056575396742040596,0.44333333333333336,0.59,0.35,0.4713333333333334,ensemble_gate_overheat_top5,False,,primary_rank_replace,0.65,0.398,False,ensemble_low_overheat_top5,False,0.0,254,-9999.000231
254,600276,-0.6186038,208,0.0016602251032973,600,2,0,0,0,0,231.0,208,-231.0,255,-0.03545078279647296,-0.03856502242152471,0.012658227848101333,0.027622274975036117,0.07495652173913059,-0.03545078279647296,0.49,0.03666666666666667,0.5066666666666667,0.3355,ensemble_gate_overheat_top5,False,,primary_rank_replace,0.65,0.398,False,ensemble_low_overheat_top5,False,0.0,255,-9999.000231
300,000895,-1.3076314,163,0.0030413126858955,000,2,0,0,0,0,231.5,163,-231.5,256,-0.010268562401263837,0.06006768189509293,0.09960508995173312,0.014528446805830243,0.020932069510268603,0.06006768189509293,0.14666666666666667,0.6133333333333333,0.09666666666666666,0.2975,ensemble_gate_overheat_top5,False,,primary_rank_replace,0.65,0.398,False,ensemble_low_overheat_top5,False,0.0,256,-9999.0002315
285,002311,-0.9832342,179,0.0023272835073024,002,2,0,0,0,0,232.0,179,-232.0,257,-0.01887566680344699,0.07027752909579221,0.07970196432603283,0.018798751796891423,0.05428329092451223,0.07027752909579221,0.29333333333333333,0.6933333333333334,0.36333333333333334,0.4508333333333333,ensemble_gate_overheat_top5,False,,primary_rank_replace,0.65,0.398,False,ensemble_low_overheat_top5,False,0.0,257,-9999.000232
284,600085,-0.9769532,183,0.0021949324185247,600,2,0,0,0,0,233.5,183,-233.5,258,-0.035280728376327675,0.03668976763147169,0.10370962317437549,0.02441618584974259,0.0694392870404752,0.03668976763147169,0.4266666666666667,0.39,0.4633333333333333,0.42300000000000004,ensemble_gate_overheat_top5,False,,primary_rank_replace,0.65,0.398,False,ensemble_low_overheat_top5,False,0.0,258,-9999.0002335
260,600941,-0.68125576,207,0.0016695852571267,600,2,0,0,0,0,233.5,207,-233.5,259,-0.014718162839248428,0.03237449414852911,0.0775114155251142,0.011517649304063338,0.017849686847599244,0.03237449414852911,0.04,0.3566666666666667,0.06,0.15583333333333332,ensemble_gate_overheat_top5,False,,primary_rank_replace,0.65,0.398,False,ensemble_low_overheat_top5,False,0.0,259,-9999.0002335
251,600426,-0.59173465,216,0.0013830052383532,600,2,0,0,0,0,233.5,216,-233.5,260,0.04219823356231589,0.16192560175054704,0.12252478381331744,0.026731677370735972,0.07664083868341665,0.16192560175054704,0.47333333333333333,0.9633333333333334,0.5133333333333333,0.6548333333333333,ensemble_gate_overheat_top5,False,,primary_rank_replace,0.65,0.398,False,ensemble_low_overheat_top5,False,0.0,260,-9999.0002335
222,002230,-0.23711048,249,0.0005432885426316,002,2,0,0,0,0,235.5,222,-235.5,261,-0.030266048328045025,-0.05178997613365155,0.009178965146673379,0.021666427195545197,0.09770249229354211,-0.030266048328045025,0.37333333333333335,0.05,0.5966666666666667,0.316,ensemble_gate_overheat_top5,False,,primary_rank_replace,0.65,0.398,False,ensemble_low_overheat_top5,False,0.0,261,-9999.0002355
298,600741,-1.1656517,174,0.0025550159738858,600,2,0,0,0,0,236.0,174,-236.0,262,0.0035190615835778427,0.07272727272727275,0.06937499999999996,0.014879141864805628,0.028307692307692367,0.07272727272727275,0.16666666666666666,0.7166666666666667,0.15,0.3549999999999999,ensemble_gate_overheat_top5,False,,primary_rank_replace,0.65,0.398,False,ensemble_low_overheat_top5,False,0.0,262,-9999.000236
201,601877,-0.1024036,274,-0.0010463398566738,601,2,0,0,0,0,237.5,201,-237.5,263,0.024603836530441958,0.038900634249471544,-0.025000000000000022,0.017995755611838825,0.06632247815726777,0.038900634249471544,0.26666666666666666,0.4066666666666667,0.43,0.3565,ensemble_gate_overheat_top5,False,,primary_rank_replace,0.65,0.398,False,ensemble_low_overheat_top5,False,0.0,263,-9999.0002375
205,002920,-0.118983425,270,-0.0008520142702927,002,2,0,0,0,0,237.5,205,-237.5,264,-0.006115107913669093,0.0014498006524101825,0.05458015267175553,0.03342588164895651,0.0919307709597662,0.0014498006524101825,0.63,0.12,0.58,0.43899999999999995,ensemble_gate_overheat_top5,False,,primary_rank_replace,0.65,0.398,False,ensemble_low_overheat_top5,False,0.0,264,-9999.0002375
288,600660,-1.0068156,189,0.0020514434481626,600,2,0,0,0,0,238.5,189,-238.5,265,0.00618856934838008,0.08392156862745104,0.06001917545541691,0.02186916620681317,0.05764224618817415,0.08392156862745104,0.38,0.7733333333333333,0.38,0.5176666666666667,ensemble_gate_overheat_top5,False,,primary_rank_replace,0.65,0.398,False,ensemble_low_overheat_top5,False,0.0,265,-9999.0002385
247,603392,-0.5318618,230,0.0009436780594983,603,2,0,0,0,0,238.5,230,-238.5,266,-0.0030779753761969175,0.031858407079645934,0.06854838709677424,0.023213926149721984,0.04581939799331092,0.031858407079645934,0.4,0.35,0.30333333333333334,0.3583333333333334,ensemble_gate_overheat_top5,False,,primary_rank_replace,0.65,0.398,False,ensemble_low_overheat_top5,False,0.0,266,-9999.0002385
250,000333,-0.5851432,228,0.0010029434238207,000,2,0,0,0,0,239.0,228,-239.0,267,-0.0020166073546855623,0.04639303482587054,0.08877960398602314,0.012941318803171726,0.012624999999999997,0.04639303482587054,0.08333333333333333,0.4666666666666667,0.013333333333333334,0.19999999999999998,ensemble_gate_overheat_top5,False,,primary_rank_replace,0.65,0.398,False,ensemble_low_overheat_top5,False,0.0,267,-9999.000239
218,600011,-0.19365405,261,-0.0001975564708655,600,2,0,0,0,0,239.5,218,-239.5,268,-0.03903095558546432,0.056213017751479244,0.007502093624669914,0.02568074551236641,0.070735194291494,0.056213017751479244,0.46,0.5833333333333334,0.4766666666666667,0.5073333333333333,ensemble_gate_overheat_top5,False,,primary_rank_replace,0.65,0.398,False,ensemble_low_overheat_top5,False,0.0,268,-9999.0002395
190,002353,-0.05808888,290,-0.0046000893028238,002,2,0,0,0,0,240.0,190,-240.0,269,0.3158490894833146,0.08811874054326685,0.002189926338841408,0.06887609822042282,0.3292618783238852,0.3158490894833146,0.9833333333333333,1.0,0.9233333333333333,0.9741666666666666,ensemble_gate_overheat_top5,False,,primary_rank_replace,0.65,0.398,False,ensemble_low_overheat_top5,False,0.0,269,-9999.00024
216,601633,-0.18510216,264,-0.0002615339706133,601,2,0,0,0,0,240.0,216,-240.0,270,-0.012836185819070756,0.07666666666666666,0.06984527194059353,0.018958934256884743,0.04502219403931518,0.07666666666666666,0.3,0.7333333333333333,0.2866666666666667,0.4483333333333333,ensemble_gate_overheat_top5,False,,primary_rank_replace,0.65,0.398,False,ensemble_low_overheat_top5,False,0.0,270,-9999.00024
299,000538,-1.246713,182,0.0022255559160255,000,2,0,0,0,0,240.5,182,-240.5,271,-0.017678708685626487,0.02753768844221116,0.05336905007212023,0.01338978512277659,0.021301093839954044,0.02753768844221116,0.09333333333333334,0.3,0.10333333333333333,0.1681666666666667,ensemble_gate_overheat_top5,False,,primary_rank_replace,0.65,0.398,False,ensemble_low_overheat_top5,False,0.0,271,-9999.0002405
276,002352,-0.83150667,209,0.001654135286273,002,2,0,0,0,0,242.5,209,-242.5,272,-0.0064743967039435635,0.0563204005006257,0.07756144270667087,0.013900882359021734,0.030974795019738877,0.0563204005006257,0.11333333333333333,0.5866666666666667,0.17666666666666667,0.29483333333333334,ensemble_gate_overheat_top5,False,,primary_rank_replace,0.65,0.398,False,ensemble_low_overheat_top5,False,0.0,272,-9999.0002425
219,600930,-0.21671882,268,-0.000492369957806,600,2,0,0,0,0,243.5,219,-243.5,273,-0.0341685649202732,-0.07423580786026196,-0.11303996170691755,0.027164198497656708,0.15102040816326523,-0.0341685649202732,0.48,0.043333333333333335,0.7066666666666667,0.38383333333333336,ensemble_gate_overheat_top5,False,,primary_rank_replace,0.65,0.398,False,ensemble_low_overheat_top5,False,0.0,273,-9999.0002435
236,000002,-0.43220937,253,0.0004034098220196,000,2,0,0,0,0,244.5,236,-244.5,274,-0.006349206349206327,0.03300330033003318,0.02960526315789469,0.02429170066195107,0.049535603715170407,0.03300330033003318,0.42,0.36,0.3333333333333333,0.37733333333333335,ensemble_gate_overheat_top5,False,,primary_rank_replace,0.65,0.398,False,ensemble_low_overheat_top5,False,0.0,274,-9999.0002445
221,002460,-0.22404169,273,-0.0009017477775034,002,2,0,0,0,0,247.0,221,-247.0,275,0.08609846020386014,-0.01773195513147685,-0.21611729149168746,0.03681237037377713,0.2985133475957208,0.08609846020386014,0.69,0.7833333333333333,0.8866666666666667,0.7718333333333334,ensemble_gate_overheat_top5,False,,primary_rank_replace,0.65,0.398,False,ensemble_low_overheat_top5,False,0.0,275,-9999.000247
203,001391,-0.10984575,292,-0.0052143189056155,001,2,0,0,0,0,247.5,203,-247.5,276,-0.025114155251141468,0.044009779951100336,0.05915760749223109,0.018724405132875745,0.045662100456621,0.044009779951100336,0.2866666666666667,0.44333333333333336,0.2966666666666667,0.34400000000000003,ensemble_gate_overheat_top5,False,,primary_rank_replace,0.65,0.398,False,ensemble_low_overheat_top5,False,0.0,276,-9999.0002475
217,688271,-0.18529704,279,-0.0026858468186389,688,2,0,0,0,0,248.0,217,-248.0,277,-0.0639830508474577,0.020670326025332697,0.08429341015275704,0.024164968409117492,0.0697457627118645,0.020670326025332697,0.4166666666666667,0.23333333333333334,0.47333333333333333,0.3666666666666667,ensemble_gate_overheat_top5,False,,primary_rank_replace,0.65,0.398,False,ensemble_low_overheat_top5,False,0.0,277,-9999.000248
225,600039,-0.255082,277,-0.0020074331925016,600,2,0,0,0,0,251.0,225,-251.0,278,0.03650872649931025,0.09340538690380695,0.15399712119066788,0.022866165133235784,0.054982817869415834,0.09340538690380695,0.3933333333333333,0.8166666666666667,0.37,0.5356666666666666,ensemble_gate_overheat_top5,False,,primary_rank_replace,0.65,0.398,False,ensemble_low_overheat_top5,False,0.0,278,-9999.000251
259,002714,-0.6717498,246,0.0005777131854974,002,2,0,0,0,0,252.5,246,-252.5,279,-0.03151933021423292,0.020233463035019383,0.09280355654348416,0.02789013269657998,0.05427872860635696,0.020233463035019383,0.49333333333333335,0.22333333333333333,0.36,0.36550000000000005,ensemble_gate_overheat_top5,False,,primary_rank_replace,0.65,0.398,False,ensemble_low_overheat_top5,False,0.0,279,-9999.0002525
231,600009,-0.3082931,275,-0.0010796881322713,600,2,0,0,0,0,253.0,231,-253.0,280,-0.00877192982456143,0.049071618037135334,0.030490703639953542,0.016060704346827076,0.040546308151941934,0.049071618037135334,0.19333333333333333,0.51,0.2633333333333333,0.32166666666666666,ensemble_gate_overheat_top5,False,,primary_rank_replace,0.65,0.398,False,ensemble_low_overheat_top5,False,0.0,280,-9999.000253
290,600887,-1.0386064,217,0.0013435373291506,600,2,0,0,0,0,253.5,217,-253.5,281,-0.034814814814814854,0.04115061925689156,0.060211554109031784,0.016002384778834016,0.048210372534696844,0.04115061925689156,0.18666666666666668,0.4166666666666667,0.3233333333333333,0.30133333333333334,ensemble_gate_overheat_top5,False,,primary_rank_replace,0.65,0.398,False,ensemble_low_overheat_top5,False,0.0,281,-9999.0002535
229,600089,-0.26783317,280,-0.0027815490288635,600,2,0,0,0,0,254.5,229,-254.5,282,0.07552083333333326,0.07889237199582033,-0.06985506482774528,0.03003142263914269,0.15687639204435166,0.07889237199582033,0.5633333333333334,0.7466666666666667,0.7166666666666667,0.6658333333333334,ensemble_gate_overheat_top5,False,,primary_rank_replace,0.65,0.398,False,ensemble_low_overheat_top5,False,0.0,282,-9999.0002545
296,600760,-1.129829,223,0.0011361759847746,600,2,0,0,0,0,259.5,223,-259.5,283,0.030483448440104643,0.10608384458077702,0.08066933066933069,0.01760176515724654,0.06653855392745622,0.10608384458077702,0.25,0.8566666666666667,0.43333333333333335,0.5081666666666667,ensemble_gate_overheat_top5,False,,primary_rank_replace,0.65,0.398,False,ensemble_low_overheat_top5,False,0.0,283,-9999.0002595
241,600588,-0.47636214,281,-0.0031076557890507,600,2,0,0,0,0,261.0,241,-261.0,284,0.01969365426695857,-0.004273504273504258,0.03786191536748329,0.028818955461898103,0.08790072388831438,0.01969365426695857,0.5166666666666667,0.21666666666666667,0.5633333333333334,0.42333333333333334,ensemble_gate_overheat_top5,False,,primary_rank_replace,0.65,0.398,False,ensemble_low_overheat_top5,False,0.0,284,-9999.000261
268,300760,-0.74789053,255,0.0002879139683097,300,2,0,0,0,0,261.5,255,-261.5,285,-0.03844660194174743,0.06357388316151202,0.08051494654156666,0.02073596055971991,0.052556634304207095,0.06357388316151202,0.35,0.6566666666666666,0.3466666666666667,0.45649999999999996,ensemble_gate_overheat_top5,False,,primary_rank_replace,0.65,0.398,False,ensemble_low_overheat_top5,False,0.0,285,-9999.0002615
272,002236,-0.79961586,256,0.0002287064404864,002,2,0,0,0,0,264.0,256,-264.0,286,0.030172413793103425,-0.003573555687909402,0.04562500000000003,0.019336802568396136,0.07345286292654718,0.030172413793103425,0.31666666666666665,0.3233333333333333,0.49,0.36233333333333334,ensemble_gate_overheat_top5,False,,primary_rank_replace,0.65,0.398,False,ensemble_low_overheat_top5,False,0.0,286,-9999.000264
265,600795,-0.71596164,265,-0.0003357085132047,600,2,0,0,0,0,265.0,265,-265.0,287,0.002049180327868827,0.047109207708779355,0.0562229137723107,0.01472545662258672,0.029761904761904878,0.047109207708779355,0.15666666666666668,0.48,0.16666666666666666,0.2723333333333333,ensemble_gate_overheat_top5,False,,primary_rank_replace,0.65,0.398,False,ensemble_low_overheat_top5,False,0.0,287,-9999.000265
280,000858,-0.8916261,252,0.0004160614698651,000,2,0,0,0,0,266.0,252,-266.0,288,-0.03069254984260239,0.05029938670664347,0.03355136945915915,0.02046879299217774,0.04857756307031669,0.05029938670664347,0.3433333333333333,0.5133333333333333,0.33,0.39949999999999997,ensemble_gate_overheat_top5,False,,primary_rank_replace,0.65,0.398,False,ensemble_low_overheat_top5,False,0.0,288,-9999.000266
294,600886,-1.0905831,239,0.0008152494914557,600,2,0,0,0,0,266.5,239,-266.5,289,-0.015384615384615441,0.05293276108726741,0.10262172284644189,0.012150757178326458,0.03790849673202623,0.05293276108726741,0.06,0.5466666666666666,0.25,0.27783333333333327,ensemble_gate_overheat_top5,False,,primary_rank_replace,0.65,0.398,False,ensemble_low_overheat_top5,False,0.0,289,-9999.0002665
235,300866,-0.3657926,299,-0.0138394788197166,300,2,0,0,0,0,267.0,235,-267.0,290,0.010595914215478563,0.10645011600928078,0.0935608145294442,0.03911251710508126,0.0679476468950152,0.10645011600928078,0.7333333333333333,0.86,0.45,0.7068333333333334,ensemble_gate_overheat_top5,False,,primary_rank_replace,0.65,0.398,False,ensemble_low_overheat_top5,False,0.0,290,-9999.000267
243,601600,-0.49719405,293,-0.0055976362406253,601,2,0,0,0,0,268.0,243,-268.0,291,0.022900763358778775,0.15659679408138105,0.09836065573770503,0.03684840771435887,0.060133630289532336,0.15659679408138105,0.6933333333333334,0.9566666666666667,0.4,0.7121666666666667,ensemble_gate_overheat_top5,False,,primary_rank_replace,0.65,0.398,False,ensemble_low_overheat_top5,False,0.0,291,-9999.000268
289,600066,-1.0179383,248,0.0005448123467011,600,2,0,0,0,0,268.5,248,-268.5,292,0.0021813649111872557,0.11860869565217391,0.19465081723625555,0.028140733402271887,0.038513974096796244,0.11860869565217391,0.5,0.9133333333333333,0.25333333333333335,0.5830000000000001,ensemble_gate_overheat_top5,False,,primary_rank_replace,0.65,0.398,False,ensemble_low_overheat_top5,False,0.0,292,-9999.0002685
273,000963,-0.81067157,266,-0.0003741070096586,000,2,0,0,0,0,269.5,266,-269.5,293,-0.07945118059987233,-0.010631001371742,0.004526462395542996,0.03108683442867278,0.10575719649561954,-0.010631001371742,0.5966666666666667,0.08333333333333333,0.6233333333333333,0.4236666666666667,ensemble_gate_overheat_top5,False,,primary_rank_replace,0.65,0.398,False,ensemble_low_overheat_top5,False,0.0,293,-9999.0002695
283,600196,-0.9548176,257,0.0001328801883001,600,2,0,0,0,0,270.0,257,-270.0,294,-0.03549057872454564,-0.026976624186174747,0.018399740897971917,0.02500163584043688,0.0873590982286635,-0.026976624186174747,0.44666666666666666,0.05333333333333334,0.56,0.3373333333333334,ensemble_gate_overheat_top5,False,,primary_rank_replace,0.65,0.398,False,ensemble_low_overheat_top5,False,0.0,294,-9999.00027
261,600519,-0.6878967,291,-0.0048132401841871,600,2,0,0,0,0,276.0,261,-276.0,295,-0.028625235404896365,0.06483125376757859,0.07911561893285146,0.01746073436052724,0.028625235404896365,0.06483125376757859,0.24,0.6666666666666666,0.15666666666666668,0.3685,ensemble_gate_overheat_top5,False,,primary_rank_replace,0.65,0.398,False,ensemble_low_overheat_top5,False,0.0,295,-9999.000276
297,600809,-1.1480477,259,-0.0001042083319176,600,2,0,0,0,0,278.0,259,-278.0,296,0.005145797598627766,0.12322015334063519,0.1264073226544622,0.0281326476672591,0.05960264900662249,0.12322015334063519,0.49666666666666665,0.9166666666666666,0.3933333333333333,0.6178333333333332,ensemble_gate_overheat_top5,False,,primary_rank_replace,0.65,0.398,False,ensemble_low_overheat_top5,False,0.0,296,-9999.000278
263,605499,-0.7106203,294,-0.0060277761199001,605,2,0,0,0,0,278.5,263,-278.5,297,0.01430038713755244,0.06451077943615258,0.05238134273301087,0.029727231299752972,0.07274566249124714,0.06451077943615258,0.5466666666666666,0.66,0.4866666666666667,0.5713333333333334,ensemble_gate_overheat_top5,False,,primary_rank_replace,0.65,0.398,False,ensemble_low_overheat_top5,False,0.0,297,-9999.0002785
282,000568,-0.9310493,276,-0.0016848631413602,000,2,0,0,0,0,279.0,276,-279.0,298,-0.045050182481751855,0.09094462540716619,0.09867471460438271,0.028366663862593913,0.053261861313868564,0.09094462540716619,0.51,0.8066666666666666,0.35333333333333333,0.5746666666666667,ensemble_gate_overheat_top5,False,,primary_rank_replace,0.65,0.398,False,ensemble_low_overheat_top5,False,0.0,298,-9999.000279
278,600570,-0.8713843,287,-0.0040114654471871,600,2,0,0,0,0,282.5,278,-282.5,299,0.019379844961240345,0.01348747591522148,0.015444015444015413,0.024410773153786,0.0840182648401826,0.019379844961240345,0.42333333333333334,0.21333333333333335,0.55,0.3815,ensemble_gate_overheat_top5,False,,primary_rank_replace,0.65,0.398,False,ensemble_low_overheat_top5,False,0.0,299,-9999.0002825
287,002304,-0.9998109,284,-0.0034096093628622,002,2,0,0,0,0,285.5,284,-285.5,300,-0.030288226673180207,0.04199475065616798,0.028763971420309842,0.01903628623406967,0.03955090584332732,0.04199475065616798,0.30333333333333334,0.43,0.25666666666666665,0.336,ensemble_gate_overheat_top5,False,,primary_rank_replace,0.65,0.398,False,ensemble_low_overheat_top5,False,0.0,300,-9999.0002855
